,#,Name,Team,W,L,ERA,G,GS,CG,ShO,SV,HLD,BS,IP,TBF,H,R,ER,HR,BB,IBB,HBP,WP,BK,SO
2,1,Andrew Romine,DET,0.0,0.0,0.0,2.0,0.0,0.0,0.0,0.0,1.0,0.0,1.0,6.0,1.0,0.0,0.0,0.0,1.0,0.0,1.0,0.0,0.0,0.0
3,2,Pedro Beato,PHI,0.0,0.0,0.0,1.0,0.0,0.0,0.0,0.0,0.0,0.0,0.2,2.0,0.0,0.0,0.0,0.0,0.0,0.0,0.0,0.0,0.0,1.0
4,3,Andrew Bailey,LAA,2.0,0.0,0.0,4.0,0.0,0.0,0.0,0.0,0.0,0.0,4.0,13.0,1.0,0.0,0.0,0.0,0.0,0.0,0.0,0.0,0.0,2.0
5,4,Mitch Moreland,BOS,0.0,0.0,0.0,1.0,0.0,0.0,0.0,0.0,0.0,0.0,1.0,5.0,2.0,0.0,0.0,0.0,0.0,0.0,0.0,0.0,0.0,1.0
6,5,Miguel Montero,CHC,0.0,0.0,0.0,1.0,0.0,0.0,0.0,0.0,0.0,0.0,1.0,5.0,0.0,0.0,0.0,0.0,2.0,0.0,0.0,1.0,0.0,0.0
7,6,Erick Aybar,SDP,0.0,0.0,0.0,2.0,0.0,0.0,0.0,0.0,0.0,0.0,1.1,4.0,0.0,0.0,0.0,0.0,1.0,0.0,0.0,0.0,0.0,0.0
8,7,Jon Jay,CHC,0.0,0.0,0.0,1.0,0.0,0.0,0.0,0.0,0.0,0.0,1.0,4.0,1.0,0.0,0.0,0.0,0.0,0.0,0.0,0.0,0.0,0.0
9,8,Hernan Perez,MIL,0.0,0.0,0.0,1.0,0.0,0.0,0.0,0.0,0.0,0.0,1.0,5.0,1.0,0.0,0.0,0.0,1.0,0.0,0.0,0.0,0.0,0.0
10,9,Michael Martinez,CLE,0.0,0.0,0.0,1.0,0.0,0.0,0.0,0.0,0.0,0.0,1.0,4.0,1.0,0.0,0.0,0.0,0.0,0.0,0.0,0.0,0.0,0.0
11,10,Jason Gurka,LAA,0.0,0.0,0.0,3.0,0.0,0.0,0.0,0.0,0.0,0.0,0.2,5.0,2.0,0.0,0.0,0.0,1.0,0.0,0.0,0.0,0.0,0.0
12,11,Huston Street,LAA,0.0,0.0,0.0,4.0,0.0,0.0,0.0,0.0,0.0,0.0,4.0,15.0,2.0,0.0,0.0,0.0,1.0,0.0,0.0,0.0,0.0,3.0
13,12,Daniel Descalso,ARI,0.0,0.0,0.0,2.0,0.0,0.0,0.0,0.0,0.0,0.0,2.0,6.0,0.0,0.0,0.0,0.0,0.0,0.0,0.0,0.0,0.0,0.0
14,13,Tyler Cloyd,SEA,1.0,0.0,0.0,1.0,0.0,0.0,0.0,0.0,0.0,0.0,1.0,4.0,2.0,0.0,0.0,0.0,0.0,0.0,0.0,0.0,0.0,1.0
15,14,David Goforth,MIL,0.0,0.0,0.0,1.0,0.0,0.0,0.0,0.0,0.0,0.0,1.0,4.0,0.0,0.0,0.0,0.0,1.0,0.0,0.0,0.0,0.0,0.0
16,15,Roenis Elias,BOS,0.0,0.0,0.0,1.0,0.0,0.0,0.0,0.0,0.0,0.0,0.1,2.0,0.0,0.0,0.0,0.0,1.0,0.0,0.0,0.0,0.0,1.0
17,16,Jake Esch,SDP,0.0,0.0,0.0,1.0,0.0,0.0,0.0,0.0,0.0,0.0,0.0,2.0,0.0,0.0,0.0,0.0,2.0,0.0,0.0,0.0,0.0,0.0
18,17,Luis Sardinas,SDP,0.0,0.0,0.0,1.0,0.0,0.0,0.0,0.0,0.0,0.0,1.0,4.0,1.0,0.0,0.0,0.0,0.0,0.0,0.0,0.0,0.0,0.0
19,18,Damien Magnifico,LAA,0.0,0.0,0.0,1.0,0.0,0.0,0.0,0.0,0.0,0.0,0.1,3.0,0.0,0.0,0.0,0.0,2.0,0.0,0.0,0.0,0.0,1.0
20,19,Pierce Johnson,CHC,0.0,0.0,0.0,1.0,0.0,0.0,0.0,0.0,0.0,0.0,1.0,7.0,2.0,2.0,0.0,0.0,1.0,0.0,0.0,0.0,0.0,2.0
21,20,Thyago Vieira,SEA,0.0,0.0,0.0,1.0,0.0,0.0,0.0,0.0,0.0,0.0,1.0,3.0,0.0,0.0,0.0,0.0,0.0,0.0,0.0,0.0,0.0,1.0
22,21,Jose Ruiz,SDP,0.0,0.0,0.0,1.0,0.0,0.0,0.0,0.0,0.0,0.0,1.0,4.0,0.0,0.0,0.0,0.0,1.0,0.0,0.0,0.0,0.0,1.0
23,22,Tyler Olson,CLE,1.0,0.0,0.0,30.0,0.0,0.0,0.0,1.0,8.0,0.0,20.0,77.0,13.0,0.0,0.0,0.0,6.0,0.0,1.0,0.0,0.0,18.0
24,23,Hunter Wood,TBR,0.0,0.0,0.0,1.0,0.0,0.0,0.0,0.0,0.0,0.0,0.1,1.0,0.0,0.0,0.0,0.0,0.0,0.0,0.0,0.0,0.0,0.0
25,24,Jimmie Sherfy,ARI,2.0,0.0,0.0,11.0,0.0,0.0,0.0,1.0,2.0,0.0,10.2,37.0,5.0,0.0,0.0,0.0,2.0,0.0,0.0,0.0,0.0,9.0
26,25,Tyler Danish,CHW,1.0,0.0,0.0,1.0,1.0,0.0,0.0,0.0,0.0,0.0,5.0,23.0,3.0,0.0,0.0,0.0,6.0,0.0,0.0,0.0,0.0,6.0
27,26,Dan Slania,SFG,0.0,0.0,0.0,1.0,0.0,0.0,0.0,0.0,0.0,0.0,1.0,3.0,0.0,0.0,0.0,0.0,0.0,0.0,0.0,0.0,0.0,0.0
28,27,J.D. Davis,HOU,0.0,0.0,0.0,2.0,0.0,0.0,0.0,0.0,0.0,0.0,1.2,7.0,1.0,0.0,0.0,0.0,1.0,0.0,0.0,0.0,0.0,3.0
29,28,Austin Maddox,BOS,0.0,0.0,0.52,13.0,0.0,0.0,0.0,0.0,0.0,0.0,17.1,67.0,13.0,1.0,1.0,1.0,2.0,0.0,0.0,0.0,0.0,14.0
30,29,Ben Heller,NYY,1.0,0.0,0.82,9.0,0.0,0.0,0.0,0.0,0.0,0.0,11.0,43.0,5.0,1.0,1.0,0.0,6.0,0.0,0.0,1.0,0.0,9.0
31,30,Zach Putnam,CHW,0.0,0.0,1.04,7.0,0.0,0.0,0.0,0.0,1.0,0.0,8.2,28.0,2.0,1.0,1.0,0.0,1.0,0.0,0.0,2.0,0.0,9.0
32,31,Zac Curtis,- - -,0.0,0.0,1.08,6.0,0.0,0.0,0.0,0.0,0.0,0.0,8.1,36.0,6.0,4.0,1.0,1.0,3.0,0.0,2.0,2.0,0.0,6.0
33,32,Jean Machi,SEA,1.0,0.0,1.17,5.0,0.0,0.0,0.0,0.0,0.0,0.0,7.2,31.0,7.0,2.0,1.0,1.0,4.0,0.0,0.0,0.0,0.0,4.0
34,33,Akeel Morris,ATL,0.0,0.0,1.23,8.0,0.0,0.0,0.0,0.0,0.0,0.0,7.1,32.0,6.0,1.0,1.0,0.0,4.0,0.0,0.0,0.0,0.0,9.0
35,34,Kenley Jansen,LAD,5.0,0.0,1.32,65.0,0.0,0.0,0.0,41.0,1.0,1.0,68.1,258.0,44.0,11.0,10.0,5.0,7.0,0.0,2.0,2.0,1.0,109.0
36,35,Carson Smith,BOS,0.0,0.0,1.35,8.0,0.0,0.0,0.0,1.0,0.0,0.0,6.2,27.0,7.0,1.0,1.0,0.0,2.0,0.0,0.0,0.0,0.0,7.0
37,36,Craig Kimbrel,BOS,5.0,0.0,1.43,67.0,0.0,0.0,0.0,35.0,1.0,4.0,69.0,254.0,33.0,11.0,11.0,6.0,14.0,0.0,4.0,5.0,0.0,126.0
38,37,Andrew Miller,CLE,4.0,3.0,1.44,57.0,0.0,0.0,0.0,2.0,27.0,2.0,62.2,244.0,31.0,11.0,10.0,3.0,21.0,0.0,5.0,1.0,0.0,95.0
39,38,Pat Neshek,- - -,5.0,3.0,1.59,71.0,0.0,0.0,0.0,1.0,23.0,4.0,62.1,235.0,48.0,13.0,11.0,3.0,6.0,0.0,0.0,0.0,0.0,69.0
40,39,Matt Albers,WSN,7.0,2.0,1.62,63.0,0.0,0.0,0.0,2.0,14.0,3.0,61.0,233.0,35.0,12.0,11.0,6.0,17.0,0.0,4.0,0.0,0.0,63.0
41,40,Felipe Vazquez,PIT,5.0,3.0,1.67,73.0,0.0,0.0,0.0,21.0,14.0,2.0,75.1,300.0,47.0,19.0,14.0,4.0,20.0,0.0,4.0,2.0,1.0,88.0
42,41,Victor Arano,PHI,1.0,0.0,1.69,10.0,0.0,0.0,0.0,0.0,2.0,0.0,10.2,42.0,6.0,2.0,2.0,0.0,4.0,0.0,0.0,0.0,0.0,13.0
43,42,Archie Bradley,ARI,3.0,3.0,1.73,63.0,0.0,0.0,0.0,1.0,25.0,6.0,73.0,290.0,55.0,14.0,14.0,4.0,21.0,2.0,1.0,0.0,1.0,79.0
44,43,Ryan Merritt,CLE,2.0,0.0,1.74,5.0,4.0,0.0,0.0,0.0,0.0,0.0,20.2,89.0,26.0,6.0,4.0,0.0,4.0,0.0,0.0,0.0,0.0,7.0
45,44,Andrew Kittredge,TBR,0.0,1.0,1.76,15.0,0.0,0.0,0.0,0.0,1.0,0.0,15.1,66.0,13.0,4.0,3.0,2.0,6.0,1.0,0.0,1.0,0.0,14.0
46,45,Corey Knebel,MIL,1.0,4.0,1.78,76.0,0.0,0.0,0.0,39.0,11.0,6.0,76.0,309.0,48.0,15.0,15.0,6.0,40.0,5.0,2.0,2.0,0.0,126.0
47,46,Chad Green,NYY,5.0,0.0,1.83,40.0,1.0,0.0,0.0,0.0,9.0,1.0,69.0,253.0,34.0,14.0,14.0,4.0,17.0,0.0,2.0,3.0,0.0,103.0
48,47,Ryan Madson,- - -,5.0,4.0,1.83,60.0,0.0,0.0,0.0,2.0,25.0,3.0,59.0,219.0,38.0,12.0,12.0,2.0,9.0,2.0,4.0,0.0,0.0,67.0
49,48,David Robertson,- - -,9.0,2.0,1.84,61.0,0.0,0.0,0.0,14.0,8.0,2.0,68.1,264.0,35.0,14.0,14.0,6.0,23.0,5.0,3.0,7.0,0.0,98.0
50,49,Taylor Williams,MIL,0.0,0.0,1.93,5.0,0.0,0.0,0.0,0.0,0.0,0.0,4.2,20.0,4.0,1.0,1.0,0.0,2.0,0.0,0.0,0.0,0.0,4.0
51,50,A.J. Schugel,PIT,4.0,0.0,1.97,32.0,0.0,0.0,0.0,0.0,4.0,1.0,32.0,136.0,31.0,8.0,7.0,3.0,14.0,2.0,0.0,2.0,0.0,27.0
52,51,Cory Gearrin,SFG,4.0,3.0,1.99,68.0,0.0,0.0,0.0,0.0,8.0,0.0,68.0,285.0,50.0,16.0,15.0,4.0,35.0,4.0,7.0,3.0,0.0,64.0
53,52,Alan Busenitz,MIN,1.0,1.0,1.99,28.0,0.0,0.0,0.0,0.0,2.0,1.0,31.2,121.0,22.0,9.0,7.0,4.0,9.0,0.0,0.0,2.0,0.0,23.0
54,53,Richard Bleier,BAL,2.0,1.0,1.99,57.0,0.0,0.0,0.0,0.0,3.0,0.0,63.1,265.0,62.0,23.0,14.0,6.0,13.0,3.0,4.0,5.0,0.0,26.0
55,54,Hoby Milner,PHI,0.0,0.0,2.01,37.0,0.0,0.0,0.0,0.0,7.0,1.0,31.1,139.0,30.0,7.0,7.0,2.0,16.0,3.0,4.0,0.0,0.0,22.0
56,55,Steve Cishek,- - -,3.0,2.0,2.01,49.0,0.0,0.0,0.0,1.0,15.0,3.0,44.2,174.0,26.0,10.0,10.0,3.0,14.0,1.0,3.0,3.0,1.0,41.0
57,56,Brandon Morrow,LAD,6.0,0.0,2.06,45.0,0.0,0.0,0.0,2.0,10.0,1.0,43.2,170.0,31.0,10.0,10.0,0.0,9.0,1.0,1.0,2.0,0.0,50.0
58,57,Josh Hader,MIL,2.0,3.0,2.08,35.0,0.0,0.0,0.0,0.0,12.0,1.0,47.2,188.0,25.0,11.0,11.0,4.0,22.0,1.0,4.0,0.0,0.0,68.0
59,58,Brad Hand,SDP,3.0,4.0,2.16,72.0,0.0,0.0,0.0,21.0,16.0,5.0,79.1,311.0,54.0,20.0,19.0,9.0,20.0,1.0,7.0,4.0,0.0,104.0
60,59,Corey Kluber,CLE,18.0,4.0,2.25,29.0,29.0,5.0,3.0,0.0,0.0,0.0,203.2,777.0,141.0,56.0,51.0,21.0,36.0,2.0,5.0,4.0,0.0,265.0
61,60,Garrett Richards,LAA,0.0,2.0,2.28,6.0,6.0,0.0,0.0,0.0,0.0,0.0,27.2,108.0,18.0,8.0,7.0,1.0,7.0,0.0,0.0,2.0,0.0,27.0
62,61,Ken Giles,HOU,1.0,3.0,2.3,63.0,0.0,0.0,0.0,34.0,2.0,4.0,62.2,247.0,44.0,16.0,16.0,4.0,21.0,0.0,1.0,3.0,0.0,83.0
63,62,Wade Davis,CHC,4.0,2.0,2.3,59.0,0.0,0.0,0.0,32.0,0.0,1.0,58.2,242.0,39.0,16.0,15.0,6.0,28.0,1.0,3.0,7.0,0.0,79.0
64,63,Clayton Kershaw,LAD,18.0,4.0,2.31,27.0,27.0,1.0,0.0,0.0,0.0,0.0,175.0,679.0,136.0,49.0,45.0,23.0,30.0,0.0,0.0,4.0,2.0,202.0
65,64,Nate Jones,CHW,1.0,0.0,2.31,11.0,0.0,0.0,0.0,0.0,4.0,0.0,11.2,49.0,9.0,3.0,3.0,1.0,6.0,1.0,1.0,1.0,0.0,15.0
66,65,Anthony Swarzak,- - -,6.0,4.0,2.33,70.0,0.0,0.0,0.0,2.0,27.0,3.0,77.1,303.0,58.0,21.0,20.0,6.0,22.0,4.0,2.0,2.0,0.0,91.0
67,66,Drew Steckenrider,MIA,1.0,1.0,2.34,37.0,0.0,0.0,0.0,1.0,10.0,0.0,34.2,151.0,30.0,13.0,9.0,4.0,18.0,1.0,0.0,1.0,0.0,54.0
68,67,Adam Warren,NYY,3.0,2.0,2.35,46.0,0.0,0.0,0.0,1.0,11.0,3.0,57.1,223.0,35.0,19.0,15.0,4.0,15.0,2.0,1.0,5.0,0.0,54.0
69,68,Lucas Giolito,CHW,3.0,3.0,2.38,7.0,7.0,0.0,0.0,0.0,0.0,0.0,45.1,179.0,31.0,14.0,12.0,8.0,12.0,0.0,3.0,2.0,0.0,34.0
70,69,John Brebbia,STL,0.0,0.0,2.44,50.0,0.0,0.0,0.0,0.0,5.0,1.0,51.2,209.0,37.0,15.0,14.0,8.0,11.0,3.0,5.0,2.0,0.0,51.0
71,70,Ryan Weber,SEA,0.0,0.0,2.45,1.0,1.0,0.0,0.0,0.0,0.0,0.0,3.2,14.0,3.0,1.0,1.0,0.0,0.0,0.0,0.0,0.0,0.0,0.0
72,71,Scott Alexander,KCR,5.0,4.0,2.48,58.0,0.0,0.0,0.0,4.0,9.0,2.0,69.0,283.0,62.0,23.0,19.0,3.0,28.0,0.0,0.0,3.0,0.0,59.0
73,72,Raisel Iglesias,CIN,3.0,3.0,2.49,63.0,0.0,0.0,0.0,28.0,0.0,2.0,76.0,306.0,57.0,22.0,21.0,5.0,27.0,1.0,1.0,1.0,0.0,92.0
74,73,Al Alburquerque,- - -,0.0,2.0,2.5,21.0,0.0,0.0,0.0,0.0,3.0,0.0,18.0,71.0,10.0,5.0,5.0,0.0,8.0,0.0,0.0,0.0,0.0,14.0
75,74,Alex Claudio,TEX,4.0,2.0,2.5,70.0,1.0,0.0,0.0,11.0,7.0,4.0,82.2,323.0,71.0,26.0,23.0,5.0,15.0,4.0,2.0,0.0,3.0,56.0
76,75,Max Scherzer,WSN,16.0,6.0,2.51,31.0,31.0,2.0,0.0,0.0,0.0,0.0,200.2,780.0,126.0,62.0,56.0,22.0,55.0,2.0,11.0,4.0,0.0,268.0
77,76,Dan Winkler,ATL,1.0,1.0,2.51,16.0,0.0,0.0,0.0,0.0,4.0,0.0,14.1,53.0,7.0,4.0,4.0,1.0,6.0,0.0,0.0,0.0,0.0,18.0
78,77,Stephen Strasburg,WSN,15.0,4.0,2.52,28.0,28.0,1.0,1.0,0.0,0.0,0.0,175.1,701.0,131.0,55.0,49.0,13.0,47.0,5.0,7.0,3.0,0.0,204.0
79,78,Jake Diekman,TEX,0.0,0.0,2.53,11.0,0.0,0.0,0.0,1.0,5.0,0.0,10.2,45.0,4.0,3.0,3.0,1.0,10.0,1.0,0.0,0.0,0.0,13.0
80,79,Chaz Roe,- - -,0.0,0.0,2.53,12.0,0.0,0.0,0.0,0.0,1.0,0.0,10.2,44.0,7.0,5.0,3.0,1.0,5.0,0.0,1.0,1.0,0.0,13.0
81,80,Blake Parker,LAA,3.0,3.0,2.54,71.0,0.0,0.0,0.0,8.0,15.0,3.0,67.1,254.0,40.0,20.0,19.0,7.0,16.0,0.0,1.0,4.0,0.0,86.0
82,81,Buddy Baumann,SDP,2.0,1.0,2.55,23.0,0.0,0.0,0.0,0.0,4.0,1.0,17.2,72.0,11.0,5.0,5.0,4.0,7.0,2.0,3.0,0.0,0.0,21.0
83,82,Mike Minor,KCR,6.0,6.0,2.55,65.0,0.0,0.0,0.0,6.0,17.0,3.0,77.2,307.0,57.0,23.0,22.0,5.0,22.0,3.0,1.0,5.0,0.0,88.0
84,83,Sam Freeman,ATL,2.0,0.0,2.55,58.0,0.0,0.0,0.0,0.0,12.0,3.0,60.0,254.0,48.0,19.0,17.0,3.0,27.0,2.0,3.0,2.0,0.0,59.0
85,84,Sam Tuivailala,STL,3.0,3.0,2.55,37.0,0.0,0.0,0.0,0.0,1.0,0.0,42.1,171.0,35.0,12.0,12.0,4.0,11.0,3.0,2.0,2.0,0.0,34.0
86,85,Dominic Leone,TOR,3.0,0.0,2.56,65.0,0.0,0.0,0.0,1.0,11.0,4.0,70.1,279.0,51.0,22.0,20.0,6.0,23.0,3.0,0.0,8.0,0.0,81.0
87,86,Tommy Kahnle,- - -,2.0,4.0,2.59,69.0,0.0,0.0,0.0,0.0,15.0,6.0,62.2,256.0,53.0,20.0,18.0,4.0,17.0,1.0,2.0,5.0,0.0,96.0
88,87,Tommy Hunter,TBR,3.0,5.0,2.61,61.0,0.0,0.0,0.0,1.0,25.0,0.0,58.2,228.0,43.0,18.0,17.0,6.0,14.0,0.0,1.0,2.0,0.0,64.0
89,88,Zach McAllister,CLE,2.0,2.0,2.61,50.0,0.0,0.0,0.0,0.0,2.0,0.0,62.0,249.0,53.0,18.0,18.0,8.0,21.0,0.0,1.0,3.0,0.0,66.0
90,89,Juan Nicasio,- - -,5.0,5.0,2.61,76.0,0.0,0.0,0.0,6.0,21.0,4.0,72.1,291.0,58.0,22.0,21.0,5.0,20.0,2.0,2.0,1.0,0.0,72.0
91,90,Deck McGuire,CIN,1.0,1.0,2.63,6.0,2.0,0.0,0.0,0.0,0.0,0.0,13.2,56.0,10.0,6.0,4.0,1.0,2.0,0.0,1.0,0.0,0.0,11.0
92,91,Leonel Campos,TOR,0.0,0.0,2.63,13.0,0.0,0.0,0.0,0.0,0.0,0.0,13.2,60.0,11.0,6.0,4.0,2.0,8.0,0.0,1.0,1.0,0.0,15.0
93,92,Hunter Strickland,SFG,4.0,3.0,2.64,68.0,0.0,0.0,0.0,1.0,21.0,2.0,61.1,268.0,59.0,20.0,18.0,4.0,29.0,4.0,2.0,3.0,1.0,58.0
94,93,Chris Rusin,COL,5.0,1.0,2.65,60.0,0.0,0.0,0.0,2.0,12.0,1.0,85.0,340.0,75.0,31.0,25.0,9.0,19.0,1.0,3.0,4.0,0.0,71.0
95,94,Luis Garcia,PHI,2.0,5.0,2.65,66.0,0.0,0.0,0.0,2.0,14.0,5.0,71.1,295.0,61.0,22.0,21.0,3.0,26.0,5.0,0.0,9.0,0.0,60.0
96,95,Tony Zych,SEA,6.0,3.0,2.66,45.0,0.0,0.0,0.0,1.0,12.0,1.0,40.2,173.0,30.0,12.0,12.0,2.0,21.0,3.0,5.0,1.0,1.0,35.0
97,96,Shane Greene,DET,4.0,3.0,2.66,71.0,0.0,0.0,0.0,9.0,14.0,4.0,67.2,283.0,50.0,21.0,20.0,6.0,34.0,4.0,4.0,1.0,0.0,73.0
98,97,Chris Devenski,HOU,8.0,5.0,2.68,62.0,0.0,0.0,0.0,4.0,24.0,6.0,80.2,316.0,50.0,26.0,24.0,11.0,26.0,3.0,2.0,2.0,0.0,100.0
99,98,Carlos Ramirez,TOR,0.0,0.0,2.7,12.0,0.0,0.0,0.0,0.0,3.0,0.0,16.2,58.0,6.0,5.0,5.0,3.0,3.0,0.0,1.0,0.0,0.0,14.0
100,99,Tyler Mahle,CIN,1.0,2.0,2.7,4.0,4.0,0.0,0.0,0.0,0.0,0.0,20.0,92.0,19.0,6.0,6.0,0.0,11.0,1.0,4.0,1.0,0.0,14.0
101,100,Reyes Moronta,SFG,0.0,0.0,2.7,7.0,0.0,0.0,0.0,0.0,0.0,1.0,6.2,29.0,6.0,2.0,2.0,1.0,3.0,1.0,0.0,0.0,0.0,11.0
102,101,Luis Santos,TOR,0.0,1.0,2.7,10.0,0.0,0.0,0.0,1.0,1.0,0.0,16.2,68.0,15.0,5.0,5.0,4.0,4.0,0.0,0.0,1.0,0.0,16.0
103,102,Chih-Wei Hu,TBR,1.0,1.0,2.7,6.0,0.0,0.0,0.0,0.0,0.0,0.0,10.0,40.0,5.0,4.0,3.0,2.0,4.0,0.0,0.0,0.0,0.0,9.0
104,103,Adam Liberatore,LAD,0.0,0.0,2.7,4.0,0.0,0.0,0.0,0.0,1.0,0.0,3.1,15.0,3.0,1.0,1.0,0.0,2.0,0.0,0.0,0.0,0.0,5.0
105,104,Alex Wood,LAD,16.0,3.0,2.72,27.0,25.0,0.0,0.0,0.0,1.0,0.0,152.1,614.0,123.0,50.0,46.0,15.0,38.0,6.0,6.0,2.0,0.0,151.0
106,105,Chase Anderson,MIL,12.0,4.0,2.74,25.0,25.0,0.0,0.0,0.0,0.0,0.0,141.1,569.0,113.0,47.0,43.0,14.0,41.0,1.0,7.0,0.0,0.0,133.0
107,106,Brian Duensing,CHC,1.0,1.0,2.74,68.0,0.0,0.0,0.0,0.0,13.0,1.0,62.1,257.0,58.0,19.0,19.0,6.0,18.0,1.0,2.0,2.0,0.0,61.0
108,107,Mychal Givens,BAL,8.0,1.0,2.75,69.0,0.0,0.0,0.0,0.0,21.0,5.0,78.2,315.0,57.0,24.0,24.0,10.0,25.0,1.0,5.0,2.0,0.0,88.0
109,108,Dario Alvarez,TEX,2.0,0.0,2.76,20.0,0.0,0.0,0.0,0.0,3.0,0.0,16.1,82.0,19.0,8.0,5.0,1.0,14.0,0.0,1.0,2.0,1.0,17.0
110,109,Yusmeiro Petit,LAA,5.0,2.0,2.76,60.0,1.0,0.0,0.0,4.0,14.0,1.0,91.1,354.0,69.0,32.0,28.0,9.0,18.0,4.0,1.0,0.0,0.0,101.0
111,110,Noe Ramirez,- - -,0.0,0.0,2.77,12.0,0.0,0.0,0.0,0.0,0.0,0.0,13.0,49.0,6.0,5.0,4.0,2.0,5.0,0.0,0.0,0.0,0.0,14.0
112,111,Joe Kelly,BOS,4.0,1.0,2.79,54.0,0.0,0.0,0.0,0.0,13.0,4.0,58.0,238.0,42.0,19.0,18.0,3.0,27.0,1.0,1.0,4.0,0.0,52.0
113,112,Keone Kela,TEX,4.0,1.0,2.79,39.0,0.0,0.0,0.0,2.0,11.0,1.0,38.2,151.0,18.0,12.0,12.0,4.0,17.0,1.0,1.0,1.0,1.0,51.0
114,113,Nick Goody,CLE,1.0,2.0,2.8,56.0,0.0,0.0,0.0,0.0,6.0,0.0,54.2,221.0,39.0,20.0,17.0,7.0,20.0,2.0,3.0,4.0,0.0,72.0
115,114,Sean Doolittle,- - -,2.0,0.0,2.81,53.0,0.0,0.0,0.0,24.0,9.0,2.0,51.1,197.0,34.0,18.0,16.0,5.0,10.0,1.0,0.0,3.0,0.0,62.0
116,115,Arodys Vizcaino,ATL,5.0,3.0,2.83,62.0,0.0,0.0,0.0,14.0,17.0,3.0,57.1,235.0,42.0,19.0,18.0,7.0,21.0,1.0,2.0,6.0,0.0,64.0
117,116,Tyler Lyons,STL,4.0,1.0,2.83,50.0,0.0,0.0,0.0,3.0,15.0,1.0,54.0,220.0,39.0,17.0,17.0,3.0,20.0,2.0,7.0,1.0,0.0,68.0
118,117,Pedro Strop,CHC,5.0,4.0,2.83,69.0,0.0,0.0,0.0,0.0,21.0,4.0,60.1,250.0,45.0,22.0,19.0,4.0,26.0,1.0,3.0,7.0,1.0,65.0
119,118,Kyle McGrath,SDP,0.0,0.0,2.84,17.0,0.0,0.0,0.0,0.0,0.0,0.0,19.0,75.0,14.0,6.0,6.0,2.0,6.0,1.0,0.0,1.0,0.0,16.0
120,119,Josh Fields,LAD,5.0,0.0,2.84,57.0,0.0,0.0,0.0,2.0,15.0,3.0,57.0,223.0,40.0,19.0,18.0,10.0,15.0,1.0,1.0,1.0,1.0,60.0
121,120,Addison Reed,- - -,2.0,3.0,2.84,77.0,0.0,0.0,0.0,19.0,15.0,2.0,76.0,306.0,65.0,24.0,24.0,11.0,15.0,3.0,1.0,2.0,0.0,76.0
122,121,Dan Otero,CLE,3.0,0.0,2.85,52.0,0.0,0.0,0.0,0.0,1.0,0.0,60.0,242.0,63.0,23.0,19.0,6.0,9.0,4.0,0.0,0.0,0.0,38.0
123,122,Dellin Betances,NYY,3.0,6.0,2.87,66.0,0.0,0.0,0.0,10.0,19.0,3.0,59.2,261.0,29.0,20.0,19.0,3.0,44.0,0.0,11.0,5.0,1.0,100.0
124,123,Robbie Ray,ARI,15.0,5.0,2.89,28.0,28.0,1.0,1.0,0.0,0.0,0.0,162.0,665.0,116.0,57.0,52.0,23.0,71.0,3.0,5.0,8.0,0.0,218.0
125,124,Zack Britton,BAL,2.0,1.0,2.89,38.0,0.0,0.0,0.0,15.0,0.0,2.0,37.1,161.0,39.0,12.0,12.0,1.0,18.0,1.0,0.0,4.0,0.0,29.0
126,125,Ryan Buchter,- - -,4.0,3.0,2.89,71.0,0.0,0.0,0.0,1.0,20.0,2.0,65.1,268.0,44.0,25.0,21.0,10.0,26.0,1.0,4.0,0.0,1.0,65.0
127,126,Chris Sale,BOS,17.0,8.0,2.9,32.0,32.0,1.0,0.0,0.0,0.0,0.0,214.1,851.0,165.0,73.0,69.0,24.0,43.0,0.0,8.0,3.0,0.0,308.0
128,127,Dallas Keuchel,HOU,14.0,5.0,2.9,23.0,23.0,1.0,0.0,0.0,0.0,0.0,145.2,584.0,116.0,50.0,47.0,15.0,47.0,0.0,2.0,1.0,0.0,125.0
129,128,Hector Velazquez,BOS,3.0,1.0,2.92,8.0,3.0,0.0,0.0,0.0,0.0,0.0,24.2,96.0,21.0,8.0,8.0,4.0,7.0,0.0,0.0,0.0,0.0,19.0
130,129,Luis Avilan,LAD,2.0,3.0,2.93,61.0,0.0,0.0,0.0,0.0,13.0,2.0,46.0,194.0,42.0,16.0,15.0,2.0,22.0,3.0,1.0,1.0,0.0,52.0
131,130,Jerry Blevins,NYM,6.0,0.0,2.94,75.0,0.0,0.0,0.0,1.0,19.0,7.0,49.0,217.0,43.0,16.0,16.0,4.0,24.0,2.0,4.0,2.0,0.0,69.0
132,131,Cody Allen,CLE,3.0,7.0,2.94,69.0,0.0,0.0,0.0,30.0,4.0,4.0,67.1,282.0,57.0,24.0,22.0,9.0,21.0,0.0,2.0,9.0,0.0,92.0
133,132,Pedro Baez,LAD,3.0,6.0,2.95,66.0,0.0,0.0,0.0,0.0,23.0,3.0,64.0,280.0,56.0,24.0,21.0,9.0,29.0,2.0,2.0,1.0,1.0,64.0
134,133,Gio Gonzalez,WSN,15.0,9.0,2.96,32.0,32.0,0.0,0.0,0.0,0.0,0.0,201.0,827.0,158.0,69.0,66.0,21.0,79.0,5.0,7.0,7.0,0.0,188.0
135,134,Noah Syndergaard,NYM,1.0,2.0,2.97,7.0,7.0,0.0,0.0,0.0,0.0,0.0,30.1,124.0,29.0,14.0,10.0,0.0,3.0,1.0,1.0,3.0,0.0,34.0
136,135,James Paxton,SEA,12.0,5.0,2.98,24.0,24.0,0.0,0.0,0.0,0.0,0.0,136.0,552.0,113.0,47.0,45.0,9.0,37.0,1.0,3.0,15.0,1.0,156.0
137,136,Will Harris,HOU,3.0,2.0,2.98,46.0,0.0,0.0,0.0,2.0,20.0,2.0,45.1,177.0,37.0,15.0,15.0,7.0,7.0,0.0,0.0,1.0,0.0,52.0
138,137,Luis Severino,NYY,14.0,6.0,2.98,31.0,31.0,0.0,0.0,0.0,0.0,0.0,193.1,783.0,150.0,73.0,64.0,21.0,51.0,0.0,6.0,6.0,0.0,230.0
139,138,Carl Edwards Jr.,CHC,5.0,4.0,2.98,73.0,0.0,0.0,0.0,0.0,25.0,4.0,66.1,262.0,29.0,22.0,22.0,6.0,38.0,2.0,4.0,4.0,0.0,94.0
140,139,Javy Guerra,MIA,1.0,1.0,3.0,16.0,0.0,0.0,0.0,0.0,0.0,1.0,21.0,88.0,23.0,8.0,7.0,2.0,7.0,1.0,0.0,0.0,0.0,12.0
141,140,Brad Peacock,HOU,13.0,2.0,3.0,34.0,21.0,0.0,0.0,0.0,0.0,0.0,132.0,546.0,100.0,46.0,44.0,10.0,57.0,0.0,3.0,6.0,1.0,161.0
142,141,Kyle Barraclough,MIA,6.0,2.0,3.0,66.0,0.0,0.0,0.0,1.0,22.0,4.0,66.0,286.0,53.0,25.0,22.0,5.0,38.0,3.0,2.0,6.0,1.0,76.0
143,142,A.J. Minter,ATL,0.0,1.0,3.0,16.0,0.0,0.0,0.0,0.0,5.0,0.0,15.0,60.0,13.0,5.0,5.0,1.0,2.0,0.0,0.0,0.0,0.0,26.0
144,143,Hector Neris,PHI,4.0,5.0,3.01,74.0,0.0,0.0,0.0,26.0,4.0,3.0,74.2,320.0,68.0,26.0,25.0,9.0,26.0,3.0,6.0,2.0,1.0,86.0
145,144,Jared Hughes,MIL,5.0,3.0,3.02,67.0,0.0,0.0,0.0,1.0,12.0,3.0,59.2,244.0,49.0,21.0,20.0,4.0,24.0,5.0,6.0,6.0,0.0,48.0
146,145,Brandon Kintzler,- - -,4.0,3.0,3.03,72.0,0.0,0.0,0.0,29.0,10.0,6.0,71.1,288.0,66.0,25.0,24.0,5.0,16.0,2.0,3.0,1.0,0.0,39.0
147,146,Kyle Hendricks,CHC,7.0,5.0,3.03,24.0,24.0,0.0,0.0,0.0,0.0,0.0,139.2,570.0,126.0,49.0,47.0,17.0,40.0,1.0,2.0,0.0,0.0,123.0
148,147,Kyle Crick,SFG,0.0,0.0,3.06,30.0,0.0,0.0,0.0,0.0,1.0,0.0,32.1,134.0,22.0,13.0,11.0,2.0,17.0,1.0,1.0,6.0,0.0,28.0
149,148,Taylor Rogers,MIN,7.0,3.0,3.07,69.0,0.0,0.0,0.0,0.0,30.0,4.0,55.2,237.0,52.0,20.0,19.0,6.0,21.0,5.0,3.0,1.0,0.0,49.0
150,149,Marcus Stroman,TOR,13.0,9.0,3.09,33.0,33.0,2.0,0.0,0.0,0.0,0.0,201.0,834.0,201.0,82.0,69.0,21.0,62.0,1.0,6.0,3.0,1.0,164.0
151,150,Mike Clevinger,CLE,12.0,6.0,3.11,27.0,21.0,0.0,0.0,0.0,0.0,0.0,121.2,502.0,92.0,46.0,42.0,13.0,60.0,2.0,3.0,3.0,0.0,137.0
152,151,David Hernandez,- - -,3.0,1.0,3.11,64.0,0.0,0.0,0.0,2.0,18.0,2.0,55.0,214.0,48.0,20.0,19.0,4.0,9.0,0.0,1.0,5.0,0.0,52.0
153,152,Luis Castillo,CIN,3.0,7.0,3.12,15.0,15.0,0.0,0.0,0.0,0.0,0.0,89.1,359.0,64.0,32.0,31.0,11.0,32.0,1.0,3.0,2.0,1.0,98.0
154,153,Gregory Infante,CHW,2.0,1.0,3.13,52.0,0.0,0.0,0.0,0.0,5.0,1.0,54.2,227.0,45.0,20.0,19.0,4.0,20.0,4.0,3.0,1.0,0.0,49.0
155,154,Craig Stammen,SDP,2.0,3.0,3.14,60.0,0.0,0.0,0.0,0.0,11.0,2.0,80.1,329.0,68.0,29.0,28.0,12.0,28.0,3.0,2.0,2.0,0.0,74.0
156,155,Domingo German,NYY,0.0,1.0,3.14,7.0,0.0,0.0,0.0,0.0,0.0,0.0,14.1,62.0,11.0,6.0,5.0,1.0,9.0,0.0,0.0,3.0,0.0,18.0
157,156,Daniel Mengden,OAK,3.0,2.0,3.14,7.0,7.0,1.0,1.0,0.0,0.0,0.0,43.0,169.0,36.0,16.0,15.0,6.0,9.0,0.0,0.0,2.0,0.0,29.0
158,157,Ryan Sherriff,STL,2.0,1.0,3.14,13.0,0.0,0.0,0.0,0.0,1.0,0.0,14.1,60.0,13.0,5.0,5.0,2.0,4.0,0.0,1.0,0.0,0.0,15.0
159,158,Brad Brach,BAL,4.0,5.0,3.18,67.0,0.0,0.0,0.0,18.0,9.0,6.0,68.0,275.0,51.0,27.0,24.0,7.0,26.0,1.0,0.0,4.0,1.0,70.0
160,159,Brandon Workman,BOS,1.0,1.0,3.18,33.0,0.0,0.0,0.0,0.0,4.0,1.0,39.2,162.0,37.0,17.0,14.0,7.0,11.0,2.0,1.0,1.0,0.0,37.0
161,160,Jose Ramirez,ATL,2.0,3.0,3.19,68.0,0.0,0.0,0.0,0.0,27.0,5.0,62.0,258.0,45.0,26.0,22.0,9.0,29.0,1.0,5.0,1.0,0.0,56.0
162,161,Kevin McCarthy,KCR,1.0,0.0,3.2,33.0,0.0,0.0,0.0,0.0,1.0,0.0,45.0,196.0,50.0,23.0,16.0,4.0,13.0,0.0,0.0,1.0,0.0,27.0
163,162,Nick Vincent,SEA,3.0,3.0,3.2,69.0,0.0,0.0,0.0,0.0,29.0,2.0,64.2,262.0,62.0,23.0,23.0,3.0,13.0,5.0,0.0,0.0,0.0,50.0
164,163,Zack Greinke,ARI,17.0,7.0,3.2,32.0,32.0,1.0,0.0,0.0,0.0,0.0,202.1,801.0,172.0,80.0,72.0,25.0,45.0,0.0,0.0,12.0,0.0,215.0
165,164,Trevor Hildenberger,MIN,3.0,3.0,3.21,37.0,0.0,0.0,0.0,1.0,12.0,2.0,42.0,170.0,38.0,15.0,15.0,4.0,6.0,2.0,4.0,1.0,0.0,44.0
166,165,Emilio Pagan,SEA,2.0,3.0,3.22,34.0,0.0,0.0,0.0,0.0,8.0,1.0,50.1,196.0,39.0,20.0,18.0,7.0,8.0,0.0,1.0,1.0,0.0,56.0
167,166,Aroldis Chapman,NYY,4.0,3.0,3.22,52.0,0.0,0.0,0.0,22.0,1.0,4.0,50.1,210.0,37.0,20.0,18.0,3.0,20.0,2.0,3.0,5.0,0.0,69.0
168,167,Paul Blackburn,OAK,3.0,1.0,3.22,10.0,10.0,0.0,0.0,0.0,0.0,0.0,58.2,238.0,58.0,22.0,21.0,5.0,16.0,0.0,1.0,1.0,0.0,22.0
169,168,Alex Colome,TBR,2.0,3.0,3.24,65.0,0.0,0.0,0.0,47.0,1.0,6.0,66.2,281.0,57.0,27.0,24.0,4.0,23.0,7.0,3.0,4.0,0.0,58.0
170,169,Edward Paredes,LAD,1.0,0.0,3.24,10.0,0.0,0.0,0.0,0.0,0.0,0.0,8.1,31.0,8.0,3.0,3.0,1.0,0.0,0.0,0.0,0.0,0.0,11.0
171,170,Edwin Diaz,SEA,4.0,6.0,3.27,66.0,0.0,0.0,0.0,34.0,2.0,5.0,66.0,278.0,44.0,28.0,24.0,10.0,32.0,2.0,3.0,3.0,1.0,89.0
172,171,Ervin Santana,MIN,16.0,8.0,3.28,33.0,33.0,5.0,3.0,0.0,0.0,0.0,211.1,864.0,177.0,85.0,77.0,31.0,61.0,2.0,8.0,12.0,1.0,167.0
173,172,Carlos Carrasco,CLE,18.0,6.0,3.29,32.0,32.0,1.0,0.0,0.0,0.0,0.0,200.0,798.0,173.0,73.0,73.0,21.0,46.0,2.0,10.0,10.0,0.0,226.0
174,173,Fernando Abad,BOS,2.0,1.0,3.3,48.0,0.0,0.0,0.0,1.0,2.0,1.0,43.2,182.0,40.0,18.0,16.0,4.0,14.0,1.0,1.0,0.0,1.0,37.0
175,174,Drew Pomeranz,BOS,17.0,6.0,3.32,32.0,32.0,0.0,0.0,0.0,0.0,0.0,173.2,740.0,166.0,69.0,64.0,19.0,69.0,0.0,4.0,6.0,0.0,174.0
176,175,Rich Hill,LAD,12.0,8.0,3.32,25.0,25.0,1.0,0.0,0.0,0.0,0.0,135.2,552.0,99.0,51.0,50.0,18.0,49.0,1.0,9.0,2.0,1.0,166.0
177,176,Madison Bumgarner,SFG,4.0,9.0,3.32,17.0,17.0,1.0,0.0,0.0,0.0,0.0,111.0,450.0,101.0,41.0,41.0,17.0,20.0,3.0,3.0,0.0,0.0,101.0
178,177,Joe Smith,- - -,3.0,0.0,3.33,59.0,0.0,0.0,0.0,1.0,21.0,1.0,54.0,214.0,46.0,20.0,20.0,4.0,10.0,1.0,1.0,0.0,0.0,71.0
179,178,Justin Verlander,- - -,15.0,8.0,3.36,33.0,33.0,0.0,0.0,0.0,0.0,0.0,206.0,849.0,170.0,80.0,77.0,27.0,72.0,4.0,4.0,5.0,0.0,219.0
180,179,Zack Godley,ARI,8.0,9.0,3.37,26.0,25.0,0.0,0.0,0.0,0.0,0.0,155.0,627.0,124.0,61.0,58.0,15.0,53.0,2.0,5.0,13.0,0.0,165.0
181,180,David Price,BOS,6.0,3.0,3.37,16.0,11.0,0.0,0.0,0.0,1.0,0.0,74.2,317.0,65.0,30.0,28.0,8.0,24.0,0.0,4.0,2.0,0.0,76.0
182,181,Mike Montgomery,CHC,7.0,8.0,3.38,44.0,14.0,0.0,0.0,3.0,1.0,0.0,130.2,540.0,103.0,52.0,49.0,10.0,55.0,4.0,8.0,7.0,0.0,100.0
183,182,Brad Boxberger,TBR,4.0,4.0,3.38,30.0,0.0,0.0,0.0,0.0,5.0,2.0,29.1,121.0,23.0,11.0,11.0,4.0,11.0,3.0,1.0,1.0,0.0,40.0
184,183,Roberto Osuna,TOR,3.0,4.0,3.38,66.0,0.0,0.0,0.0,39.0,0.0,10.0,64.0,249.0,46.0,26.0,24.0,3.0,9.0,0.0,3.0,4.0,0.0,83.0
185,184,Tony Watson,- - -,7.0,4.0,3.38,71.0,0.0,0.0,0.0,10.0,14.0,8.0,66.2,291.0,72.0,26.0,25.0,9.0,20.0,7.0,5.0,0.0,0.0,53.0
186,185,George Kontos,- - -,1.0,6.0,3.39,65.0,0.0,0.0,0.0,1.0,11.0,6.0,66.1,278.0,61.0,27.0,25.0,9.0,20.0,2.0,0.0,2.0,0.0,70.0
187,186,David Phelps,- - -,4.0,5.0,3.4,54.0,0.0,0.0,0.0,0.0,21.0,8.0,55.2,238.0,51.0,23.0,21.0,5.0,26.0,3.0,1.0,0.0,0.0,62.0
188,187,Trevor Rosenthal,STL,3.0,4.0,3.4,50.0,0.0,0.0,0.0,11.0,12.0,2.0,47.2,202.0,37.0,20.0,18.0,3.0,20.0,0.0,2.0,2.0,0.0,76.0
189,188,Andrew Cashner,TEX,11.0,11.0,3.4,28.0,28.0,0.0,0.0,0.0,0.0,0.0,166.2,704.0,156.0,75.0,63.0,15.0,64.0,0.0,9.0,10.0,1.0,86.0
190,189,Brock Stewart,LAD,0.0,0.0,3.41,17.0,4.0,0.0,0.0,1.0,1.0,0.0,34.1,147.0,28.0,18.0,13.0,4.0,19.0,2.0,1.0,0.0,0.0,29.0
191,190,Justin Wilson,- - -,4.0,4.0,3.41,65.0,0.0,0.0,0.0,13.0,9.0,3.0,58.0,248.0,40.0,23.0,22.0,5.0,35.0,1.0,1.0,4.0,0.0,80.0
192,191,Brent Suter,MIL,3.0,2.0,3.42,22.0,14.0,0.0,0.0,0.0,0.0,0.0,81.2,341.0,83.0,33.0,31.0,8.0,22.0,2.0,2.0,1.0,0.0,64.0
193,192,Jake Faria,TBR,5.0,4.0,3.43,16.0,14.0,0.0,0.0,0.0,0.0,0.0,86.2,357.0,71.0,35.0,33.0,11.0,31.0,0.0,5.0,6.0,0.0,84.0
194,193,Lance Lynn,STL,11.0,8.0,3.43,33.0,33.0,0.0,0.0,0.0,0.0,0.0,186.1,776.0,151.0,80.0,71.0,27.0,78.0,5.0,10.0,2.0,0.0,153.0
195,194,Darren O'Day,BAL,2.0,3.0,3.43,64.0,0.0,0.0,0.0,2.0,17.0,2.0,60.1,240.0,41.0,24.0,23.0,8.0,24.0,2.0,3.0,0.0,1.0,76.0
196,195,Dan Jennings,- - -,3.0,1.0,3.45,77.0,0.0,0.0,0.0,0.0,14.0,2.0,62.2,267.0,53.0,27.0,24.0,8.0,31.0,7.0,1.0,3.0,0.0,51.0
197,196,Dillon Gee,- - -,3.0,2.0,3.47,18.0,4.0,0.0,0.0,1.0,0.0,0.0,49.1,212.0,54.0,24.0,19.0,8.0,15.0,0.0,4.0,0.0,0.0,41.0
198,197,Aaron Wilkerson,MIL,1.0,0.0,3.48,3.0,2.0,0.0,0.0,0.0,0.0,0.0,10.1,37.0,6.0,4.0,4.0,1.0,1.0,0.0,0.0,0.0,0.0,7.0
199,198,Danny Coulombe,OAK,2.0,2.0,3.48,72.0,0.0,0.0,0.0,0.0,13.0,1.0,51.2,219.0,46.0,22.0,20.0,4.0,22.0,1.0,4.0,5.0,0.0,39.0
200,199,Peter Moylan,KCR,0.0,0.0,3.49,79.0,0.0,0.0,0.0,0.0,24.0,1.0,59.1,243.0,40.0,26.0,23.0,4.0,25.0,3.0,5.0,1.0,0.0,46.0
201,200,Taijuan Walker,ARI,9.0,9.0,3.49,28.0,28.0,0.0,0.0,0.0,0.0,0.0,157.1,684.0,148.0,76.0,61.0,17.0,61.0,7.0,9.0,7.0,1.0,146.0
202,201,Jimmy Nelson,MIL,12.0,6.0,3.49,29.0,29.0,1.0,0.0,0.0,0.0,0.0,175.1,728.0,171.0,75.0,68.0,16.0,48.0,1.0,9.0,6.0,1.0,199.0
203,202,Edgar Santana,PIT,0.0,0.0,3.5,19.0,0.0,0.0,0.0,0.0,2.0,0.0,18.0,81.0,16.0,8.0,7.0,2.0,12.0,1.0,1.0,0.0,0.0,20.0
204,203,Andrew Chafin,ARI,1.0,0.0,3.51,71.0,0.0,0.0,0.0,0.0,17.0,0.0,51.1,221.0,48.0,21.0,20.0,5.0,21.0,3.0,2.0,1.0,1.0,61.0
205,204,Andrew Albers,SEA,5.0,1.0,3.51,9.0,6.0,0.0,0.0,1.0,0.0,0.0,41.0,178.0,43.0,22.0,16.0,6.0,10.0,0.0,2.0,1.0,0.0,37.0
206,205,Bryan Shaw,CLE,4.0,6.0,3.52,79.0,0.0,0.0,0.0,3.0,26.0,3.0,76.2,312.0,71.0,36.0,30.0,5.0,22.0,3.0,0.0,3.0,0.0,73.0
207,206,Miguel Castro,BAL,3.0,3.0,3.53,39.0,1.0,0.0,0.0,0.0,1.0,0.0,66.1,274.0,53.0,29.0,26.0,8.0,28.0,4.0,2.0,2.0,0.0,38.0
208,207,Jake Arrieta,CHC,14.0,10.0,3.53,30.0,30.0,0.0,0.0,0.0,0.0,0.0,168.1,707.0,150.0,82.0,66.0,23.0,55.0,3.0,10.0,14.0,0.0,163.0
209,208,J.A. Happ,TOR,10.0,11.0,3.53,25.0,25.0,0.0,0.0,0.0,0.0,0.0,145.1,626.0,145.0,64.0,57.0,18.0,46.0,1.0,0.0,4.0,0.0,142.0
210,209,Jacob deGrom,NYM,15.0,10.0,3.53,31.0,31.0,1.0,0.0,0.0,0.0,0.0,201.1,827.0,180.0,87.0,79.0,28.0,59.0,5.0,2.0,7.0,0.0,239.0
211,210,Aaron Nola,PHI,12.0,11.0,3.54,27.0,27.0,0.0,0.0,0.0,0.0,0.0,168.0,693.0,154.0,67.0,66.0,18.0,49.0,2.0,2.0,1.0,0.0,184.0
212,211,Jason Motte,ATL,1.0,0.0,3.54,46.0,0.0,0.0,0.0,0.0,5.0,3.0,40.2,166.0,28.0,16.0,16.0,6.0,20.0,1.0,3.0,1.0,0.0,27.0
213,212,Danny Barnes,TOR,3.0,6.0,3.55,60.0,0.0,0.0,0.0,0.0,11.0,4.0,66.0,265.0,48.0,26.0,26.0,11.0,24.0,1.0,1.0,1.0,0.0,62.0
214,213,Sonny Gray,- - -,10.0,12.0,3.55,27.0,27.0,1.0,0.0,0.0,0.0,0.0,162.1,678.0,139.0,79.0,64.0,19.0,57.0,1.0,3.0,11.0,0.0,153.0
215,214,Collin McHugh,HOU,5.0,2.0,3.55,12.0,12.0,0.0,0.0,0.0,0.0,0.0,63.1,271.0,62.0,27.0,25.0,7.0,20.0,0.0,5.0,4.0,0.0,62.0
216,215,Sergio Romo,- - -,3.0,1.0,3.56,55.0,0.0,0.0,0.0,0.0,11.0,1.0,55.2,224.0,42.0,23.0,22.0,9.0,19.0,2.0,1.0,2.0,1.0,59.0
217,216,Enny Romero,WSN,2.0,4.0,3.56,53.0,0.0,0.0,0.0,2.0,10.0,2.0,55.2,245.0,55.0,26.0,22.0,7.0,23.0,2.0,3.0,2.0,2.0,65.0
218,217,Randall Delgado,ARI,1.0,2.0,3.59,26.0,5.0,0.0,0.0,1.0,2.0,1.0,62.2,259.0,60.0,31.0,25.0,6.0,14.0,0.0,0.0,1.0,0.0,60.0
219,218,Ryan Tepera,TOR,7.0,1.0,3.59,73.0,0.0,0.0,0.0,2.0,17.0,2.0,77.2,319.0,57.0,35.0,31.0,7.0,31.0,4.0,8.0,5.0,0.0,81.0
220,219,Ashur Tolliver,HOU,0.0,0.0,3.6,3.0,0.0,0.0,0.0,0.0,0.0,0.0,5.0,22.0,4.0,2.0,2.0,0.0,4.0,0.0,1.0,1.0,0.0,5.0
221,220,Austin Adams,WSN,0.0,0.0,3.6,6.0,0.0,0.0,0.0,0.0,0.0,0.0,5.0,29.0,4.0,4.0,2.0,0.0,8.0,0.0,1.0,1.0,0.0,10.0
222,221,Jack Leathersich,- - -,0.0,0.0,3.6,7.0,0.0,0.0,0.0,0.0,1.0,0.0,5.0,25.0,4.0,2.0,2.0,0.0,6.0,0.0,0.0,0.0,0.0,7.0
223,222,Jake McGee,COL,0.0,2.0,3.61,62.0,0.0,0.0,0.0,3.0,20.0,3.0,57.1,229.0,47.0,23.0,23.0,4.0,16.0,0.0,1.0,5.0,0.0,58.0
224,223,Greg Holland,COL,3.0,6.0,3.61,61.0,0.0,0.0,0.0,41.0,1.0,4.0,57.1,235.0,40.0,24.0,23.0,7.0,26.0,1.0,1.0,7.0,0.0,70.0
225,224,Charlie Morton,HOU,14.0,7.0,3.62,25.0,25.0,0.0,0.0,0.0,0.0,0.0,146.2,617.0,125.0,65.0,59.0,14.0,50.0,1.0,13.0,4.0,0.0,163.0
226,225,Heath Hembree,BOS,2.0,3.0,3.63,62.0,0.0,0.0,0.0,0.0,14.0,3.0,62.0,271.0,72.0,29.0,25.0,10.0,18.0,0.0,1.0,2.0,0.0,70.0
227,226,Jose Alvarado,TBR,0.0,3.0,3.64,35.0,0.0,0.0,0.0,0.0,7.0,0.0,29.2,123.0,24.0,12.0,12.0,1.0,9.0,1.0,0.0,2.0,0.0,29.0
228,227,Carlos Martinez,STL,12.0,11.0,3.64,32.0,32.0,2.0,2.0,0.0,0.0,0.0,205.0,858.0,179.0,93.0,83.0,27.0,71.0,3.0,8.0,9.0,0.0,217.0
229,228,Parker Bridwell,LAA,10.0,3.0,3.64,21.0,20.0,0.0,0.0,0.0,0.0,0.0,121.0,492.0,115.0,52.0,49.0,19.0,30.0,0.0,4.0,4.0,0.0,73.0
230,229,Josh Edgin,NYM,0.0,1.0,3.65,46.0,0.0,0.0,0.0,1.0,4.0,0.0,37.0,166.0,39.0,16.0,15.0,3.0,18.0,1.0,5.0,1.0,1.0,27.0
231,230,Alex Cobb,TBR,12.0,10.0,3.66,29.0,29.0,0.0,0.0,0.0,0.0,0.0,179.1,742.0,175.0,78.0,73.0,22.0,44.0,2.0,6.0,8.0,1.0,128.0
232,231,Jon Gray,COL,10.0,4.0,3.67,20.0,20.0,0.0,0.0,0.0,0.0,0.0,110.1,461.0,113.0,47.0,45.0,10.0,30.0,0.0,2.0,3.0,1.0,112.0
233,232,Chris Stratton,SFG,4.0,4.0,3.68,13.0,10.0,0.0,0.0,1.0,0.0,1.0,58.2,256.0,59.0,25.0,24.0,5.0,28.0,0.0,1.0,2.0,0.0,51.0
234,233,Josh Lucas,STL,0.0,0.0,3.68,5.0,0.0,0.0,0.0,0.0,0.0,0.0,7.1,32.0,7.0,3.0,3.0,2.0,4.0,0.0,1.0,1.0,0.0,7.0
235,234,CC Sabathia,NYY,14.0,5.0,3.69,27.0,27.0,0.0,0.0,0.0,0.0,0.0,148.2,623.0,139.0,64.0,61.0,21.0,50.0,1.0,5.0,5.0,0.0,120.0
236,235,Joakim Soria,KCR,4.0,3.0,3.7,59.0,0.0,0.0,0.0,1.0,20.0,7.0,56.0,232.0,49.0,24.0,23.0,1.0,20.0,2.0,1.0,4.0,0.0,64.0
237,236,Jhan Marinez,- - -,0.0,3.0,3.7,43.0,0.0,0.0,0.0,0.0,3.0,0.0,58.1,262.0,64.0,26.0,24.0,6.0,26.0,3.0,7.0,6.0,0.0,45.0
238,237,Donnie Hart,BAL,2.0,0.0,3.71,51.0,0.0,0.0,0.0,0.0,5.0,2.0,43.2,190.0,48.0,19.0,18.0,5.0,13.0,0.0,4.0,1.0,1.0,29.0
239,238,Seth Maness,KCR,1.0,0.0,3.72,8.0,0.0,0.0,0.0,0.0,0.0,1.0,9.2,45.0,16.0,5.0,4.0,3.0,2.0,0.0,0.0,0.0,0.0,4.0
240,239,Chasen Bradford,NYM,2.0,0.0,3.74,28.0,0.0,0.0,0.0,0.0,3.0,0.0,33.2,143.0,30.0,17.0,14.0,3.0,13.0,1.0,0.0,1.0,0.0,27.0
241,240,Alex Meyer,LAA,4.0,5.0,3.74,13.0,13.0,0.0,0.0,0.0,0.0,0.0,67.1,292.0,48.0,30.0,28.0,6.0,42.0,0.0,4.0,5.0,1.0,75.0
242,241,Aaron Loup,TOR,2.0,3.0,3.75,70.0,0.0,0.0,0.0,0.0,6.0,0.0,57.2,265.0,59.0,27.0,24.0,4.0,29.0,5.0,6.0,3.0,0.0,64.0
243,242,Ross Stripling,LAD,3.0,5.0,3.75,49.0,2.0,0.0,0.0,2.0,4.0,3.0,74.1,304.0,69.0,31.0,31.0,10.0,19.0,4.0,0.0,2.0,0.0,74.0
244,243,Wandy Peralta,CIN,3.0,4.0,3.76,69.0,0.0,0.0,0.0,0.0,16.0,2.0,64.2,263.0,53.0,28.0,27.0,8.0,24.0,1.0,1.0,4.0,0.0,57.0
245,244,Hyun-Jin Ryu,LAD,5.0,9.0,3.77,25.0,24.0,0.0,0.0,1.0,0.0,0.0,126.2,541.0,128.0,58.0,53.0,22.0,45.0,3.0,4.0,4.0,1.0,116.0
246,245,Chasen Shreve,NYY,4.0,1.0,3.77,44.0,0.0,0.0,0.0,0.0,1.0,1.0,45.1,198.0,35.0,20.0,19.0,8.0,25.0,3.0,0.0,4.0,0.0,58.0
247,246,Matt Bush,TEX,3.0,4.0,3.78,57.0,0.0,0.0,0.0,10.0,10.0,5.0,52.1,240.0,57.0,30.0,22.0,7.0,19.0,0.0,4.0,2.0,0.0,58.0
248,247,Robby Scott,BOS,2.0,1.0,3.79,57.0,0.0,0.0,0.0,0.0,12.0,2.0,35.2,141.0,22.0,16.0,15.0,7.0,13.0,1.0,3.0,3.0,0.0,31.0
249,248,A.J. Cole,WSN,3.0,5.0,3.81,11.0,8.0,0.0,0.0,0.0,0.0,0.0,52.0,229.0,51.0,23.0,22.0,8.0,27.0,0.0,3.0,2.0,1.0,44.0
250,249,Max Fried,ATL,1.0,1.0,3.81,9.0,4.0,0.0,0.0,0.0,0.0,0.0,26.0,121.0,30.0,15.0,11.0,3.0,12.0,1.0,4.0,0.0,0.0,22.0
251,250,Danny Duffy,KCR,9.0,10.0,3.81,24.0,24.0,0.0,0.0,0.0,0.0,0.0,146.1,609.0,143.0,67.0,62.0,13.0,41.0,0.0,4.0,2.0,2.0,130.0
252,251,Wei-Yin Chen,MIA,2.0,1.0,3.82,9.0,5.0,0.0,0.0,0.0,0.0,0.0,33.0,132.0,25.0,14.0,14.0,3.0,9.0,0.0,1.0,1.0,0.0,25.0
253,252,Jose Urena,MIA,14.0,7.0,3.82,34.0,28.0,0.0,0.0,0.0,0.0,0.0,169.2,724.0,152.0,77.0,72.0,26.0,64.0,4.0,14.0,5.0,1.0,113.0
254,253,Daniel Stumpf,DET,0.0,1.0,3.82,55.0,0.0,0.0,0.0,0.0,9.0,2.0,37.2,160.0,37.0,16.0,16.0,5.0,15.0,1.0,2.0,2.0,1.0,33.0
255,254,Michael Fulmer,DET,10.0,12.0,3.83,25.0,25.0,1.0,0.0,0.0,0.0,0.0,164.2,676.0,150.0,80.0,70.0,13.0,40.0,2.0,8.0,3.0,1.0,114.0
256,255,Carson Fulmer,CHW,3.0,1.0,3.86,7.0,5.0,0.0,0.0,0.0,0.0,0.0,23.1,101.0,16.0,10.0,10.0,4.0,13.0,0.0,2.0,0.0,2.0,19.0
257,256,Keynan Middleton,LAA,6.0,1.0,3.86,64.0,0.0,0.0,0.0,3.0,10.0,2.0,58.1,246.0,60.0,25.0,25.0,11.0,18.0,2.0,0.0,2.0,0.0,63.0
258,257,Yu Darvish,- - -,10.0,12.0,3.86,31.0,31.0,0.0,0.0,0.0,0.0,0.0,186.2,766.0,159.0,83.0,80.0,27.0,58.0,1.0,6.0,12.0,1.0,209.0
259,258,James Pazos,SEA,4.0,5.0,3.86,59.0,0.0,0.0,0.0,0.0,10.0,3.0,53.2,240.0,51.0,30.0,23.0,7.0,24.0,0.0,5.0,4.0,1.0,65.0
260,259,Kyle Martin,BOS,0.0,0.0,3.86,2.0,0.0,0.0,0.0,0.0,0.0,0.0,2.1,11.0,2.0,1.0,1.0,1.0,2.0,0.0,0.0,0.0,0.0,1.0
261,260,Brian Flynn,KCR,0.0,0.0,3.86,1.0,0.0,0.0,0.0,0.0,0.0,0.0,2.1,8.0,3.0,1.0,1.0,0.0,0.0,0.0,0.0,0.0,0.0,0.0
262,261,Matt Barnes,BOS,7.0,3.0,3.88,70.0,0.0,0.0,0.0,1.0,21.0,2.0,69.2,287.0,57.0,31.0,30.0,7.0,28.0,0.0,1.0,3.0,0.0,83.0
263,262,Brett Cecil,STL,2.0,4.0,3.88,73.0,0.0,0.0,0.0,1.0,13.0,6.0,67.1,277.0,67.0,31.0,29.0,7.0,16.0,3.0,0.0,3.0,0.0,66.0
264,263,Luke Weaver,STL,7.0,2.0,3.88,13.0,10.0,0.0,0.0,0.0,0.0,0.0,60.1,252.0,59.0,27.0,26.0,7.0,17.0,1.0,1.0,0.0,0.0,72.0
265,264,Jordan Montgomery,NYY,9.0,7.0,3.88,29.0,29.0,0.0,0.0,0.0,0.0,0.0,155.1,649.0,140.0,72.0,67.0,21.0,51.0,0.0,1.0,7.0,1.0,144.0
266,265,Jose Alvarez,LAA,0.0,3.0,3.88,64.0,0.0,0.0,0.0,1.0,13.0,2.0,48.2,203.0,50.0,23.0,21.0,7.0,12.0,5.0,0.0,1.0,0.0,45.0
267,266,Jake Thompson,PHI,3.0,2.0,3.88,11.0,8.0,0.0,0.0,0.0,0.0,0.0,46.1,210.0,50.0,27.0,20.0,9.0,22.0,0.0,5.0,1.0,0.0,35.0
268,267,Jonathan Holder,NYY,1.0,1.0,3.89,37.0,0.0,0.0,0.0,0.0,3.0,2.0,39.1,171.0,45.0,17.0,17.0,5.0,8.0,1.0,3.0,2.0,0.0,40.0
269,268,Jose Berrios,MIN,14.0,8.0,3.89,26.0,25.0,0.0,0.0,0.0,0.0,0.0,145.2,616.0,131.0,71.0,63.0,15.0,48.0,0.0,13.0,7.0,1.0,139.0
270,269,Jhoulys Chacin,SDP,13.0,10.0,3.89,32.0,32.0,0.0,0.0,0.0,0.0,0.0,180.1,765.0,157.0,82.0,78.0,19.0,72.0,5.0,14.0,7.0,1.0,153.0
271,270,Zach Davies,MIL,17.0,9.0,3.9,33.0,33.0,0.0,0.0,0.0,0.0,0.0,191.1,817.0,204.0,90.0,83.0,20.0,55.0,3.0,9.0,2.0,0.0,124.0
272,271,Dovydas Neverauskas,PIT,1.0,1.0,3.91,24.0,0.0,0.0,0.0,0.0,2.0,1.0,25.1,105.0,24.0,11.0,11.0,4.0,8.0,0.0,1.0,2.0,0.0,17.0
273,272,Mike Leake,- - -,10.0,13.0,3.92,31.0,31.0,0.0,0.0,0.0,0.0,0.0,186.0,782.0,201.0,93.0,81.0,20.0,37.0,3.0,9.0,3.0,0.0,130.0
274,273,J.J. Hoover,ARI,3.0,1.0,3.92,52.0,0.0,0.0,0.0,0.0,10.0,2.0,41.1,197.0,47.0,20.0,18.0,7.0,26.0,1.0,1.0,1.0,0.0,54.0
275,274,Blake Treinen,- - -,3.0,6.0,3.93,72.0,0.0,0.0,0.0,16.0,10.0,5.0,75.2,325.0,80.0,35.0,33.0,6.0,25.0,3.0,5.0,4.0,0.0,74.0
276,275,Zach Duke,STL,1.0,1.0,3.93,27.0,0.0,0.0,0.0,0.0,6.0,0.0,18.1,74.0,13.0,8.0,8.0,3.0,6.0,2.0,2.0,2.0,0.0,12.0
277,276,Jose Leclerc,TEX,2.0,3.0,3.94,47.0,0.0,0.0,0.0,2.0,10.0,1.0,45.2,200.0,23.0,21.0,20.0,4.0,40.0,1.0,3.0,5.0,0.0,60.0
278,277,Eddie Butler,CHC,4.0,3.0,3.95,13.0,11.0,0.0,0.0,0.0,0.0,0.0,54.2,237.0,50.0,24.0,24.0,4.0,28.0,2.0,2.0,3.0,0.0,30.0
279,278,Kirby Yates,- - -,4.0,5.0,3.97,62.0,0.0,0.0,0.0,1.0,20.0,3.0,56.2,231.0,44.0,28.0,25.0,12.0,19.0,2.0,2.0,0.0,1.0,88.0
280,279,Koji Uehara,CHC,3.0,4.0,3.98,49.0,0.0,0.0,0.0,2.0,14.0,3.0,43.0,178.0,38.0,21.0,19.0,7.0,12.0,3.0,0.0,0.0,0.0,50.0
281,280,Brandon McCarthy,LAD,6.0,4.0,3.98,19.0,16.0,0.0,0.0,0.0,0.0,0.0,92.2,384.0,89.0,43.0,41.0,5.0,27.0,0.0,3.0,4.0,0.0,72.0
282,281,Matt Bowman,STL,3.0,6.0,3.99,75.0,0.0,0.0,0.0,2.0,23.0,3.0,58.2,247.0,52.0,29.0,26.0,4.0,18.0,2.0,5.0,1.0,0.0,46.0
283,282,AJ Ramos,- - -,2.0,4.0,3.99,61.0,0.0,0.0,0.0,27.0,1.0,3.0,58.2,258.0,49.0,27.0,26.0,7.0,34.0,1.0,2.0,7.0,0.0,72.0
284,283,Jacob Barnes,MIL,3.0,4.0,4.0,73.0,0.0,0.0,0.0,2.0,24.0,5.0,72.0,304.0,57.0,35.0,32.0,8.0,33.0,4.0,3.0,6.0,0.0,80.0
285,284,Odrisamer Despaigne,MIA,2.0,3.0,4.01,18.0,8.0,0.0,0.0,1.0,1.0,0.0,58.1,254.0,57.0,31.0,26.0,3.0,24.0,1.0,3.0,1.0,0.0,31.0
286,285,Marc Rzepczynski,SEA,2.0,2.0,4.02,64.0,0.0,0.0,0.0,1.0,20.0,2.0,31.1,137.0,29.0,16.0,14.0,2.0,20.0,5.0,1.0,3.0,0.0,25.0
287,286,Matt Belisle,MIN,2.0,2.0,4.03,62.0,0.0,0.0,0.0,9.0,17.0,5.0,60.1,247.0,48.0,31.0,27.0,7.0,22.0,6.0,2.0,2.0,1.0,54.0
288,287,Patrick Corbin,ARI,14.0,13.0,4.03,33.0,32.0,0.0,0.0,0.0,0.0,0.0,189.2,826.0,208.0,97.0,85.0,26.0,61.0,8.0,3.0,10.0,0.0,178.0
289,288,Blake Snell,TBR,5.0,7.0,4.04,24.0,24.0,0.0,0.0,0.0,0.0,0.0,129.1,547.0,113.0,65.0,58.0,15.0,59.0,1.0,0.0,8.0,0.0,119.0
290,289,Jamie Callahan,NYM,0.0,0.0,4.05,9.0,0.0,0.0,0.0,0.0,1.0,1.0,6.2,30.0,7.0,4.0,3.0,0.0,1.0,0.0,0.0,0.0,0.0,5.0
291,290,Trevor Williams,PIT,7.0,9.0,4.07,31.0,25.0,0.0,0.0,0.0,0.0,0.0,150.1,642.0,145.0,73.0,68.0,14.0,52.0,4.0,9.0,2.0,0.0,117.0
292,291,Chris Archer,TBR,10.0,12.0,4.07,34.0,34.0,0.0,0.0,0.0,0.0,0.0,201.0,852.0,193.0,101.0,91.0,27.0,60.0,0.0,5.0,15.0,0.0,249.0
293,292,Chase Whitley,TBR,2.0,1.0,4.08,41.0,0.0,0.0,0.0,2.0,5.0,1.0,57.1,238.0,48.0,29.0,26.0,4.0,16.0,2.0,3.0,2.0,0.0,43.0
294,293,Johnny Barbato,PIT,0.0,1.0,4.08,24.0,0.0,0.0,0.0,0.0,0.0,0.0,28.2,130.0,25.0,13.0,13.0,4.0,18.0,0.0,2.0,1.0,0.0,23.0
295,294,Shelby Miller,ARI,2.0,2.0,4.09,4.0,4.0,0.0,0.0,0.0,0.0,0.0,22.0,99.0,20.0,10.0,10.0,1.0,12.0,1.0,0.0,1.0,1.0,20.0
296,295,Seunghwan Oh,STL,1.0,6.0,4.1,62.0,0.0,0.0,0.0,20.0,7.0,4.0,59.1,264.0,68.0,31.0,27.0,10.0,15.0,9.0,3.0,1.0,0.0,54.0
297,296,Kyle Freeland,COL,11.0,11.0,4.1,33.0,28.0,0.0,0.0,0.0,0.0,0.0,156.0,688.0,169.0,78.0,71.0,17.0,63.0,4.0,8.0,1.0,2.0,107.0
298,297,Adam Morgan,PHI,3.0,3.0,4.12,37.0,0.0,0.0,0.0,0.0,6.0,1.0,54.2,229.0,51.0,25.0,25.0,10.0,18.0,2.0,0.0,1.0,0.0,63.0
299,298,Michael Wacha,STL,12.0,9.0,4.13,30.0,30.0,1.0,1.0,0.0,0.0,0.0,165.2,701.0,170.0,82.0,76.0,17.0,55.0,3.0,3.0,5.0,0.0,158.0
300,299,Ivan Nova,PIT,11.0,14.0,4.14,31.0,31.0,2.0,1.0,0.0,0.0,0.0,187.0,785.0,203.0,96.0,86.0,29.0,36.0,2.0,7.0,8.0,0.0,131.0
301,300,Jake Odorizzi,TBR,10.0,8.0,4.14,28.0,28.0,0.0,0.0,0.0,0.0,0.0,143.1,604.0,117.0,80.0,66.0,30.0,61.0,1.0,2.0,1.0,0.0,127.0
302,301,Jose Quintana,- - -,11.0,11.0,4.15,32.0,32.0,1.0,1.0,0.0,0.0,0.0,188.2,790.0,170.0,92.0,87.0,23.0,61.0,4.0,10.0,8.0,1.0,207.0
303,302,JC Ramirez,LAA,11.0,10.0,4.15,27.0,24.0,0.0,0.0,0.0,0.0,1.0,147.1,620.0,149.0,72.0,68.0,21.0,49.0,1.0,6.0,5.0,1.0,105.0
304,303,Brandon Finnegan,CIN,1.0,1.0,4.15,4.0,4.0,0.0,0.0,0.0,0.0,0.0,13.0,59.0,9.0,6.0,6.0,1.0,13.0,0.0,0.0,1.0,0.0,16.0
305,304,Carlos Rodon,CHW,2.0,5.0,4.15,12.0,12.0,0.0,0.0,0.0,0.0,0.0,69.1,297.0,64.0,35.0,32.0,12.0,31.0,0.0,3.0,4.0,0.0,76.0
306,305,Gabriel Ynoa,BAL,2.0,3.0,4.15,9.0,4.0,0.0,0.0,0.0,0.0,0.0,34.2,147.0,39.0,17.0,16.0,5.0,8.0,0.0,1.0,0.0,0.0,26.0
307,306,Jason Vargas,KCR,18.0,11.0,4.16,32.0,32.0,1.0,1.0,0.0,0.0,0.0,179.2,756.0,181.0,84.0,83.0,27.0,58.0,2.0,5.0,6.0,1.0,134.0
308,307,Nathan Karns,KCR,2.0,2.0,4.17,9.0,8.0,0.0,0.0,0.0,0.0,0.0,45.1,188.0,41.0,21.0,21.0,9.0,13.0,1.0,2.0,2.0,0.0,51.0
309,308,Troy Scribner,LAA,2.0,1.0,4.18,10.0,4.0,0.0,0.0,0.0,1.0,0.0,23.2,99.0,17.0,14.0,11.0,7.0,10.0,0.0,2.0,0.0,0.0,18.0
310,309,Trevor Bauer,CLE,17.0,9.0,4.19,32.0,31.0,0.0,0.0,0.0,0.0,0.0,176.1,749.0,181.0,84.0,82.0,25.0,60.0,0.0,5.0,3.0,1.0,196.0
311,310,Phil Maton,SDP,3.0,2.0,4.19,46.0,0.0,0.0,0.0,1.0,8.0,0.0,43.0,180.0,41.0,23.0,20.0,10.0,14.0,0.0,1.0,0.0,0.0,46.0
312,311,Kendall Graveman,OAK,6.0,4.0,4.19,19.0,19.0,0.0,0.0,0.0,0.0,0.0,105.1,444.0,114.0,50.0,49.0,12.0,32.0,1.0,4.0,5.0,0.0,70.0
313,312,Edinson Volquez,MIA,4.0,8.0,4.19,17.0,17.0,1.0,1.0,0.0,0.0,0.0,92.1,397.0,78.0,46.0,43.0,8.0,53.0,3.0,3.0,4.0,0.0,81.0
314,313,Eduardo Rodriguez,BOS,6.0,7.0,4.19,25.0,24.0,0.0,0.0,0.0,0.0,0.0,137.1,582.0,126.0,66.0,64.0,19.0,50.0,1.0,5.0,1.0,1.0,150.0
315,314,Cole Hamels,TEX,11.0,6.0,4.2,24.0,24.0,1.0,0.0,0.0,0.0,0.0,148.0,614.0,125.0,74.0,69.0,18.0,53.0,1.0,11.0,6.0,0.0,105.0
316,315,Danny Farquhar,- - -,4.0,2.0,4.2,52.0,0.0,0.0,0.0,0.0,13.0,2.0,49.1,215.0,39.0,23.0,23.0,3.0,28.0,4.0,4.0,4.0,0.0,45.0
317,316,Jorge De La Rosa,ARI,3.0,1.0,4.21,65.0,0.0,0.0,0.0,0.0,17.0,1.0,51.1,219.0,46.0,24.0,24.0,7.0,21.0,4.0,3.0,5.0,0.0,45.0
318,317,Bud Norris,LAA,2.0,6.0,4.21,60.0,3.0,0.0,0.0,19.0,3.0,4.0,62.0,267.0,56.0,29.0,29.0,8.0,27.0,3.0,3.0,6.0,0.0,74.0
319,318,Carlos Torres,MIL,4.0,4.0,4.21,67.0,0.0,0.0,0.0,1.0,13.0,3.0,72.2,322.0,78.0,37.0,34.0,10.0,33.0,1.0,3.0,4.0,0.0,56.0
320,319,Edubray Ramos,PHI,2.0,7.0,4.21,59.0,0.0,0.0,0.0,0.0,9.0,3.0,57.2,256.0,57.0,29.0,27.0,4.0,28.0,3.0,0.0,5.0,1.0,75.0
321,320,Jose Torres,SDP,7.0,4.0,4.21,62.0,0.0,0.0,0.0,1.0,3.0,1.0,68.1,284.0,63.0,34.0,32.0,13.0,16.0,0.0,4.0,2.0,3.0,63.0
322,321,Logan Verrett,BAL,2.0,0.0,4.22,4.0,0.0,0.0,0.0,0.0,0.0,0.0,10.2,47.0,11.0,6.0,5.0,3.0,3.0,1.0,2.0,0.0,0.0,9.0
323,322,Liam Hendriks,OAK,4.0,2.0,4.22,70.0,0.0,0.0,0.0,1.0,16.0,3.0,64.0,273.0,57.0,34.0,30.0,7.0,23.0,0.0,0.0,6.0,0.0,78.0
324,323,Tony Cingrani,- - -,0.0,0.0,4.22,47.0,0.0,0.0,0.0,0.0,9.0,1.0,42.2,176.0,40.0,22.0,20.0,10.0,12.0,0.0,1.0,4.0,0.0,52.0
325,324,Kenta Maeda,LAD,13.0,6.0,4.22,29.0,25.0,0.0,0.0,1.0,0.0,0.0,134.1,557.0,121.0,68.0,63.0,22.0,34.0,1.0,5.0,4.0,0.0,140.0
326,325,Chris Hatcher,- - -,1.0,2.0,4.22,49.0,0.0,0.0,0.0,1.0,11.0,4.0,59.2,257.0,58.0,29.0,28.0,10.0,21.0,2.0,0.0,2.0,1.0,63.0
327,326,Fernando Rodney,ARI,5.0,4.0,4.23,61.0,0.0,0.0,0.0,39.0,0.0,6.0,55.1,231.0,40.0,29.0,26.0,3.0,26.0,3.0,2.0,7.0,0.0,65.0
328,327,Hector Rondon,CHC,4.0,1.0,4.24,61.0,0.0,0.0,0.0,0.0,10.0,3.0,57.1,237.0,50.0,30.0,27.0,10.0,20.0,0.0,1.0,3.0,0.0,69.0
329,328,Dan Altavilla,SEA,1.0,1.0,4.24,41.0,0.0,0.0,0.0,0.0,2.0,4.0,46.2,203.0,43.0,27.0,22.0,9.0,20.0,1.0,1.0,9.0,0.0,52.0
330,329,Dylan Bundy,BAL,13.0,9.0,4.24,28.0,28.0,1.0,1.0,0.0,0.0,0.0,169.2,698.0,152.0,82.0,80.0,26.0,51.0,0.0,7.0,0.0,0.0,152.0
331,330,Kelvin Herrera,KCR,3.0,3.0,4.25,64.0,0.0,0.0,0.0,26.0,4.0,5.0,59.1,259.0,60.0,33.0,28.0,9.0,20.0,2.0,1.0,2.0,0.0,56.0
332,331,Lance McCullers Jr.,HOU,7.0,4.0,4.25,22.0,22.0,0.0,0.0,0.0,0.0,0.0,118.2,512.0,114.0,61.0,56.0,8.0,40.0,1.0,11.0,8.0,1.0,132.0
333,332,Aaron Sanchez,TOR,1.0,3.0,4.25,8.0,8.0,0.0,0.0,0.0,0.0,0.0,36.0,167.0,42.0,24.0,17.0,6.0,20.0,0.0,1.0,1.0,0.0,24.0
334,333,Gerrit Cole,PIT,12.0,12.0,4.26,33.0,33.0,0.0,0.0,0.0,0.0,0.0,203.0,849.0,199.0,98.0,96.0,31.0,55.0,1.0,4.0,7.0,0.0,196.0
335,334,Dan Straily,MIA,10.0,9.0,4.26,33.0,33.0,0.0,0.0,0.0,0.0,0.0,181.2,769.0,176.0,90.0,86.0,31.0,60.0,4.0,5.0,2.0,0.0,170.0
336,335,Gabriel Moya,MIN,0.0,0.0,4.26,7.0,0.0,0.0,0.0,1.0,0.0,0.0,6.1,26.0,5.0,3.0,3.0,2.0,2.0,0.0,0.0,0.0,1.0,5.0
337,336,R.A. Dickey,ATL,10.0,10.0,4.26,31.0,31.0,0.0,0.0,0.0,0.0,0.0,190.0,815.0,193.0,99.0,90.0,26.0,67.0,3.0,10.0,13.0,2.0,136.0
338,337,Ben Lively,PHI,4.0,7.0,4.26,15.0,15.0,1.0,0.0,0.0,0.0,0.0,88.2,372.0,90.0,45.0,42.0,13.0,24.0,1.0,8.0,1.0,1.0,52.0
339,338,Andrew Triggs,OAK,5.0,6.0,4.27,12.0,12.0,0.0,0.0,0.0,0.0,0.0,65.1,283.0,68.0,42.0,31.0,9.0,19.0,0.0,4.0,5.0,0.0,50.0
340,339,Santiago Casilla,OAK,4.0,5.0,4.27,63.0,0.0,0.0,0.0,16.0,4.0,7.0,59.0,259.0,58.0,29.0,28.0,8.0,22.0,1.0,6.0,3.0,0.0,57.0
341,340,Danny Salazar,CLE,5.0,6.0,4.28,23.0,19.0,0.0,0.0,0.0,0.0,0.0,103.0,439.0,94.0,51.0,49.0,14.0,44.0,0.0,3.0,6.0,0.0,145.0
342,341,Henderson Alvarez,PHI,0.0,1.0,4.3,3.0,3.0,0.0,0.0,0.0,0.0,0.0,14.2,67.0,14.0,7.0,7.0,2.0,11.0,1.0,0.0,0.0,1.0,6.0
343,342,Jakob Junis,KCR,9.0,3.0,4.3,20.0,16.0,0.0,0.0,0.0,0.0,0.0,98.1,422.0,101.0,52.0,47.0,15.0,25.0,1.0,9.0,3.0,1.0,80.0
344,343,Sean Newcomb,ATL,4.0,9.0,4.32,19.0,19.0,0.0,0.0,0.0,0.0,0.0,100.0,456.0,100.0,51.0,48.0,10.0,57.0,6.0,6.0,3.0,0.0,108.0
345,344,Sandy Alcantara,STL,0.0,0.0,4.32,8.0,0.0,0.0,0.0,0.0,0.0,0.0,8.1,39.0,9.0,6.0,4.0,2.0,6.0,0.0,0.0,0.0,0.0,10.0
346,345,Matt Grace,WSN,1.0,0.0,4.32,40.0,1.0,0.0,0.0,2.0,4.0,0.0,50.0,215.0,50.0,25.0,24.0,3.0,18.0,4.0,3.0,2.0,0.0,31.0
347,346,Brian Johnson,BOS,2.0,0.0,4.33,5.0,5.0,1.0,1.0,0.0,0.0,0.0,27.0,121.0,32.0,13.0,13.0,5.0,8.0,1.0,0.0,0.0,0.0,21.0
348,347,Jon Lester,CHC,13.0,8.0,4.33,32.0,32.0,1.0,0.0,0.0,0.0,0.0,180.2,763.0,179.0,101.0,87.0,26.0,60.0,3.0,4.0,3.0,0.0,180.0
349,348,Chad Kuhl,PIT,8.0,11.0,4.35,31.0,31.0,0.0,0.0,0.0,0.0,0.0,157.1,680.0,159.0,81.0,76.0,17.0,72.0,7.0,6.0,8.0,1.0,142.0
350,349,Hisashi Iwakuma,SEA,0.0,2.0,4.35,6.0,6.0,0.0,0.0,0.0,0.0,0.0,31.0,128.0,27.0,16.0,15.0,7.0,12.0,0.0,2.0,1.0,0.0,16.0
351,350,Jimmy Yacabonis,BAL,2.0,0.0,4.35,14.0,0.0,0.0,0.0,0.0,0.0,0.0,20.2,90.0,18.0,10.0,10.0,2.0,14.0,1.0,0.0,1.0,0.0,8.0
352,351,Blaine Boyer,BOS,1.0,1.0,4.35,32.0,0.0,0.0,0.0,0.0,2.0,1.0,41.1,178.0,50.0,20.0,20.0,3.0,14.0,3.0,1.0,1.0,0.0,33.0
353,352,Sam Gaviglio,- - -,4.0,5.0,4.36,16.0,13.0,0.0,0.0,0.0,0.0,0.0,74.1,313.0,76.0,41.0,36.0,16.0,26.0,1.0,3.0,1.0,2.0,49.0
354,353,Felix Hernandez,SEA,6.0,5.0,4.36,16.0,16.0,0.0,0.0,0.0,0.0,0.0,86.2,368.0,86.0,46.0,42.0,17.0,26.0,0.0,6.0,8.0,0.0,78.0
355,354,Chris O'Grady,MIA,2.0,1.0,4.36,13.0,6.0,0.0,0.0,0.0,2.0,0.0,33.0,145.0,33.0,16.0,16.0,4.0,18.0,1.0,1.0,0.0,1.0,30.0
356,355,Sean Manaea,OAK,12.0,10.0,4.37,29.0,29.0,0.0,0.0,0.0,0.0,0.0,158.2,692.0,167.0,88.0,77.0,18.0,55.0,1.0,10.0,8.0,0.0,140.0
357,356,Jeurys Familia,NYM,2.0,2.0,4.38,26.0,0.0,0.0,0.0,6.0,2.0,1.0,24.2,111.0,21.0,14.0,12.0,1.0,15.0,3.0,1.0,1.0,0.0,25.0
358,357,Simon Castro,OAK,1.0,3.0,4.38,26.0,0.0,0.0,0.0,0.0,0.0,1.0,37.0,153.0,32.0,20.0,18.0,7.0,14.0,0.0,2.0,1.0,0.0,35.0
359,358,Daniel Hudson,PIT,2.0,7.0,4.38,71.0,0.0,0.0,0.0,0.0,21.0,2.0,61.2,271.0,57.0,34.0,30.0,7.0,33.0,1.0,5.0,4.0,0.0,66.0
360,359,Shawn Armstrong,CLE,1.0,0.0,4.38,21.0,0.0,0.0,0.0,0.0,0.0,0.0,24.2,108.0,23.0,12.0,12.0,5.0,10.0,0.0,1.0,1.0,0.0,20.0
361,360,James Hoyt,HOU,1.0,0.0,4.38,43.0,0.0,0.0,0.0,0.0,7.0,0.0,49.1,211.0,51.0,24.0,24.0,7.0,14.0,0.0,2.0,4.0,0.0,66.0
362,361,Erasmo Ramirez,- - -,5.0,6.0,4.39,37.0,19.0,0.0,0.0,1.0,6.0,1.0,131.1,539.0,123.0,70.0,64.0,22.0,31.0,2.0,2.0,1.0,0.0,109.0
363,362,German Marquez,COL,11.0,7.0,4.39,29.0,29.0,0.0,0.0,0.0,0.0,0.0,162.0,701.0,174.0,82.0,79.0,25.0,49.0,3.0,8.0,6.0,0.0,147.0
364,363,Michael Pineda,NYY,8.0,4.0,4.39,17.0,17.0,0.0,0.0,0.0,0.0,0.0,96.1,410.0,103.0,55.0,47.0,20.0,21.0,0.0,2.0,5.0,1.0,92.0
365,364,Yacksel Rios,PHI,1.0,0.0,4.41,13.0,0.0,0.0,0.0,0.0,0.0,0.0,16.1,73.0,15.0,8.0,8.0,4.0,9.0,1.0,0.0,0.0,0.0,17.0
366,365,Jaime Garcia,- - -,5.0,10.0,4.41,27.0,27.0,0.0,0.0,0.0,0.0,0.0,157.0,673.0,157.0,86.0,77.0,18.0,64.0,5.0,1.0,8.0,3.0,129.0
367,366,Jeff Samardzija,SFG,9.0,15.0,4.42,32.0,32.0,1.0,1.0,0.0,0.0,0.0,207.2,847.0,204.0,107.0,102.0,30.0,32.0,1.0,6.0,2.0,0.0,205.0
368,367,Rob Scahill,MIL,1.0,3.0,4.43,18.0,0.0,0.0,0.0,0.0,0.0,0.0,22.1,97.0,21.0,14.0,11.0,3.0,10.0,4.0,3.0,2.0,0.0,10.0
369,368,Cam Bedrosian,LAA,6.0,5.0,4.43,48.0,0.0,0.0,0.0,6.0,10.0,5.0,44.2,190.0,41.0,26.0,22.0,5.0,17.0,1.0,0.0,7.0,0.0,53.0
370,369,Eduardo Paredes,LAA,0.0,1.0,4.43,18.0,0.0,0.0,0.0,1.0,1.0,0.0,22.1,92.0,21.0,11.0,11.0,2.0,6.0,1.0,3.0,0.0,0.0,17.0
371,370,Matt Dermody,TOR,2.0,0.0,4.43,23.0,0.0,0.0,0.0,0.0,1.0,0.0,22.1,95.0,23.0,13.0,11.0,6.0,5.0,1.0,2.0,1.0,0.0,15.0
372,371,Tom Wilhelmsen,ARI,1.0,1.0,4.44,27.0,0.0,0.0,0.0,0.0,3.0,0.0,26.1,113.0,25.0,13.0,13.0,4.0,12.0,0.0,1.0,7.0,0.0,17.0
373,372,Jameson Taillon,PIT,8.0,7.0,4.44,25.0,25.0,0.0,0.0,0.0,0.0,0.0,133.2,587.0,152.0,69.0,66.0,11.0,46.0,3.0,4.0,7.0,0.0,125.0
374,373,Drew Storen,CIN,4.0,2.0,4.45,58.0,0.0,0.0,0.0,1.0,6.0,2.0,54.2,246.0,57.0,32.0,27.0,7.0,23.0,5.0,10.0,1.0,0.0,48.0
375,374,Michael Lorenzen,CIN,8.0,4.0,4.45,70.0,0.0,0.0,0.0,2.0,18.0,5.0,83.0,361.0,78.0,43.0,41.0,9.0,34.0,5.0,4.0,12.0,1.0,80.0
376,375,Sal Romano,CIN,5.0,8.0,4.45,16.0,16.0,0.0,0.0,0.0,0.0,0.0,87.0,384.0,91.0,49.0,43.0,9.0,37.0,2.0,4.0,5.0,0.0,73.0
377,376,Mike Dunn,COL,5.0,1.0,4.47,68.0,0.0,0.0,0.0,0.0,19.0,1.0,50.1,220.0,43.0,25.0,25.0,8.0,28.0,0.0,0.0,4.0,0.0,57.0
378,377,Julio Teheran,ATL,11.0,13.0,4.49,32.0,32.0,0.0,0.0,0.0,0.0,0.0,188.1,812.0,186.0,103.0,94.0,31.0,72.0,3.0,7.0,6.0,0.0,151.0
379,378,Adalberto Mejia,MIN,4.0,7.0,4.5,21.0,21.0,0.0,0.0,0.0,0.0,0.0,98.0,443.0,110.0,52.0,49.0,13.0,44.0,4.0,5.0,2.0,2.0,85.0
380,379,T.J. House,TOR,0.0,0.0,4.5,2.0,0.0,0.0,0.0,0.0,0.0,0.0,2.0,10.0,3.0,1.0,1.0,0.0,1.0,0.0,0.0,0.0,0.0,1.0
381,380,Matt Andriese,TBR,5.0,5.0,4.5,18.0,17.0,0.0,0.0,1.0,0.0,0.0,86.0,374.0,90.0,48.0,43.0,16.0,28.0,1.0,4.0,3.0,2.0,76.0
382,381,Jorge Lopez,MIL,0.0,0.0,4.5,1.0,0.0,0.0,0.0,0.0,0.0,0.0,2.0,10.0,4.0,1.0,1.0,0.0,1.0,0.0,0.0,0.0,0.0,0.0
383,382,Jairo Labourt,DET,0.0,0.0,4.5,6.0,0.0,0.0,0.0,0.0,0.0,0.0,6.0,28.0,4.0,3.0,3.0,0.0,7.0,1.0,0.0,5.0,0.0,4.0
384,383,Mark Melancon,SFG,1.0,2.0,4.5,32.0,0.0,0.0,0.0,11.0,5.0,5.0,30.0,130.0,37.0,16.0,15.0,3.0,6.0,0.0,1.0,2.0,0.0,29.0
385,384,Wade LeBlanc,PIT,5.0,2.0,4.5,50.0,0.0,0.0,0.0,1.0,4.0,2.0,68.0,283.0,64.0,35.0,34.0,10.0,17.0,1.0,1.0,2.0,0.0,54.0
386,385,Alex Wilson,DET,2.0,5.0,4.5,66.0,0.0,0.0,0.0,2.0,17.0,5.0,60.0,260.0,67.0,34.0,30.0,7.0,15.0,5.0,3.0,4.0,0.0,42.0
387,386,Aaron Bummer,CHW,1.0,3.0,4.5,30.0,0.0,0.0,0.0,0.0,7.0,1.0,22.0,91.0,13.0,11.0,11.0,4.0,15.0,1.0,1.0,1.0,0.0,17.0
388,387,Dan Runzler,PIT,0.0,0.0,4.5,8.0,0.0,0.0,0.0,0.0,0.0,0.0,4.0,20.0,7.0,4.0,2.0,2.0,2.0,0.0,0.0,0.0,0.0,4.0
389,388,Matt Shoemaker,LAA,6.0,3.0,4.52,14.0,14.0,0.0,0.0,0.0,0.0,0.0,77.2,326.0,73.0,41.0,39.0,15.0,28.0,0.0,4.0,2.0,1.0,69.0
390,389,Johnny Cueto,SFG,8.0,8.0,4.52,25.0,25.0,0.0,0.0,0.0,0.0,0.0,147.1,648.0,160.0,77.0,74.0,22.0,53.0,2.0,8.0,4.0,1.0,136.0
391,390,Juan Minaya,CHW,3.0,2.0,4.53,40.0,0.0,0.0,0.0,9.0,2.0,1.0,43.2,184.0,38.0,22.0,22.0,7.0,20.0,0.0,4.0,2.0,1.0,51.0
392,391,Paul Sewald,NYM,0.0,6.0,4.55,57.0,0.0,0.0,0.0,0.0,13.0,3.0,65.1,275.0,58.0,36.0,33.0,8.0,21.0,2.0,3.0,3.0,1.0,69.0
393,392,Tyler Skaggs,LAA,2.0,6.0,4.55,16.0,16.0,0.0,0.0,0.0,0.0,0.0,85.0,365.0,90.0,46.0,43.0,13.0,28.0,0.0,6.0,5.0,2.0,76.0
394,393,Dinelson Lamet,SDP,7.0,8.0,4.57,21.0,21.0,0.0,0.0,0.0,0.0,0.0,114.1,485.0,88.0,63.0,58.0,18.0,54.0,2.0,6.0,9.0,0.0,139.0
395,394,Luke Gregerson,HOU,2.0,3.0,4.57,65.0,0.0,0.0,0.0,1.0,18.0,3.0,61.0,263.0,62.0,31.0,31.0,13.0,20.0,4.0,0.0,5.0,1.0,70.0
396,395,Daniel Wright,LAA,0.0,1.0,4.58,5.0,2.0,0.0,0.0,0.0,0.0,0.0,19.2,85.0,21.0,12.0,10.0,1.0,8.0,0.0,2.0,1.0,0.0,11.0
397,396,John Lackey,CHC,12.0,12.0,4.59,31.0,30.0,0.0,0.0,0.0,0.0,0.0,170.2,731.0,165.0,93.0,87.0,36.0,53.0,3.0,12.0,11.0,2.0,149.0
398,397,Miguel Gonzalez,- - -,8.0,13.0,4.62,27.0,27.0,0.0,0.0,0.0,0.0,0.0,156.0,684.0,167.0,88.0,80.0,22.0,55.0,2.0,6.0,1.0,0.0,100.0
399,398,Luke Jackson,ATL,2.0,0.0,4.62,43.0,0.0,0.0,0.0,0.0,1.0,0.0,50.2,224.0,55.0,26.0,26.0,4.0,19.0,4.0,4.0,4.0,0.0,33.0
400,399,Oliver Perez,WSN,0.0,0.0,4.64,50.0,0.0,0.0,0.0,1.0,12.0,0.0,33.0,143.0,32.0,17.0,17.0,4.0,12.0,2.0,4.0,1.0,1.0,39.0
401,400,Rick Porcello,BOS,11.0,17.0,4.65,33.0,33.0,2.0,0.0,0.0,0.0,0.0,203.1,885.0,236.0,125.0,105.0,38.0,48.0,1.0,6.0,5.0,0.0,181.0
402,401,Joaquin Benoit,- - -,1.0,6.0,4.65,52.0,0.0,0.0,0.0,2.0,13.0,4.0,50.1,213.0,43.0,28.0,26.0,7.0,22.0,1.0,1.0,1.0,0.0,46.0
403,402,Chris Volstad,CHW,1.0,2.0,4.66,6.0,2.0,0.0,0.0,0.0,0.0,0.0,19.1,76.0,16.0,11.0,10.0,4.0,5.0,0.0,1.0,0.0,0.0,10.0
404,403,Oliver Drake,- - -,3.0,5.0,4.66,64.0,0.0,0.0,0.0,1.0,5.0,3.0,56.0,251.0,63.0,31.0,29.0,6.0,25.0,2.0,0.0,3.0,1.0,62.0
405,404,Tanner Roark,WSN,13.0,11.0,4.67,32.0,30.0,0.0,0.0,0.0,0.0,0.0,181.1,776.0,178.0,105.0,94.0,23.0,64.0,5.0,6.0,3.0,1.0,166.0
406,405,Austin Bibens-Dirkx,TEX,5.0,2.0,4.67,24.0,6.0,0.0,0.0,0.0,0.0,0.0,69.1,299.0,74.0,36.0,36.0,14.0,20.0,0.0,3.0,3.0,0.0,38.0
407,406,Steven Brault,PIT,1.0,0.0,4.67,11.0,4.0,0.0,0.0,1.0,0.0,0.0,34.2,162.0,41.0,21.0,18.0,3.0,14.0,1.0,2.0,0.0,0.0,23.0
408,407,John Gant,STL,0.0,1.0,4.67,7.0,2.0,0.0,0.0,0.0,0.0,0.0,17.1,76.0,17.0,9.0,9.0,4.0,10.0,1.0,1.0,0.0,0.0,11.0
409,408,Luis Perdomo,SDP,8.0,11.0,4.67,29.0,29.0,0.0,0.0,0.0,0.0,0.0,163.2,716.0,182.0,97.0,85.0,17.0,65.0,3.0,8.0,11.0,2.0,118.0
410,409,Kevin Gausman,BAL,11.0,12.0,4.68,34.0,34.0,0.0,0.0,0.0,0.0,0.0,186.2,816.0,208.0,99.0,97.0,29.0,71.0,0.0,5.0,8.0,1.0,179.0
411,410,Nick Wittgren,MIA,3.0,1.0,4.68,38.0,0.0,0.0,0.0,0.0,5.0,0.0,42.1,182.0,46.0,22.0,22.0,5.0,13.0,1.0,0.0,2.0,0.0,43.0
412,411,Robert Stephenson,CIN,5.0,6.0,4.68,25.0,11.0,0.0,0.0,1.0,0.0,0.0,84.2,383.0,81.0,52.0,44.0,12.0,53.0,3.0,2.0,5.0,2.0,86.0
413,412,Antonio Senzatela,COL,10.0,5.0,4.68,36.0,20.0,0.0,0.0,0.0,1.0,0.0,134.2,564.0,128.0,72.0,70.0,18.0,47.0,1.0,4.0,1.0,2.0,102.0
414,413,Deolis Guerra,LAA,2.0,2.0,4.68,19.0,0.0,0.0,0.0,0.0,0.0,1.0,25.0,105.0,20.0,13.0,13.0,4.0,12.0,0.0,0.0,2.0,0.0,22.0
415,414,Jackson Stephens,CIN,2.0,1.0,4.68,7.0,4.0,0.0,0.0,0.0,0.0,0.0,25.0,101.0,19.0,13.0,13.0,6.0,9.0,0.0,1.0,1.0,0.0,21.0
416,415,David Holmberg,CHW,2.0,4.0,4.68,37.0,7.0,0.0,0.0,0.0,0.0,1.0,57.2,272.0,63.0,37.0,30.0,12.0,34.0,3.0,6.0,3.0,0.0,33.0
417,416,Jeremy Jeffress,- - -,5.0,2.0,4.68,61.0,1.0,0.0,0.0,0.0,8.0,1.0,65.1,295.0,73.0,35.0,34.0,10.0,34.0,4.0,2.0,6.0,0.0,51.0
418,417,Tyler Chatwood,COL,8.0,15.0,4.69,33.0,25.0,1.0,1.0,1.0,0.0,0.0,147.2,631.0,136.0,79.0,77.0,20.0,77.0,2.0,4.0,12.0,2.0,120.0
419,418,Zac Rosscup,- - -,0.0,0.0,4.7,10.0,0.0,0.0,0.0,0.0,1.0,0.0,7.2,32.0,9.0,4.0,4.0,2.0,0.0,0.0,0.0,0.0,0.0,10.0
420,419,Bobby Wahl,OAK,0.0,0.0,4.7,7.0,0.0,0.0,0.0,0.0,0.0,0.0,7.2,36.0,8.0,4.0,4.0,0.0,4.0,0.0,1.0,2.0,0.0,8.0
421,420,Rubby de la Rosa,ARI,0.0,1.0,4.7,9.0,0.0,0.0,0.0,0.0,2.0,1.0,7.2,34.0,7.0,4.0,4.0,2.0,4.0,1.0,0.0,0.0,1.0,12.0
422,421,Kevin Shackelford,CIN,0.0,0.0,4.7,26.0,0.0,0.0,0.0,0.0,3.0,1.0,30.2,135.0,30.0,16.0,16.0,6.0,13.0,0.0,3.0,1.0,0.0,38.0
423,422,Ryan Pressly,MIN,2.0,3.0,4.7,57.0,0.0,0.0,0.0,0.0,6.0,1.0,61.1,252.0,52.0,34.0,32.0,10.0,19.0,5.0,3.0,5.0,0.0,61.0
424,423,Seth Lugo,NYM,7.0,5.0,4.71,19.0,18.0,0.0,0.0,0.0,0.0,0.0,101.1,436.0,114.0,57.0,53.0,13.0,25.0,1.0,2.0,2.0,1.0,85.0
425,424,Jerad Eickhoff,PHI,4.0,8.0,4.71,24.0,24.0,0.0,0.0,0.0,0.0,0.0,128.0,576.0,142.0,74.0,67.0,16.0,53.0,4.0,5.0,6.0,1.0,118.0
426,425,Boone Logan,CLE,1.0,0.0,4.71,38.0,0.0,0.0,0.0,0.0,4.0,1.0,21.0,91.0,20.0,13.0,11.0,2.0,9.0,0.0,1.0,0.0,0.0,28.0
427,426,Reynaldo Lopez,CHW,3.0,3.0,4.72,8.0,8.0,0.0,0.0,0.0,0.0,0.0,47.2,207.0,49.0,29.0,25.0,7.0,14.0,0.0,1.0,3.0,0.0,30.0
428,427,Jarlin Garcia,MIA,1.0,2.0,4.73,68.0,0.0,0.0,0.0,0.0,15.0,1.0,53.1,225.0,47.0,29.0,28.0,6.0,17.0,0.0,4.0,5.0,0.0,42.0
429,428,Masahiro Tanaka,NYY,13.0,12.0,4.74,30.0,30.0,1.0,1.0,0.0,0.0,0.0,178.1,752.0,180.0,100.0,94.0,35.0,41.0,1.0,7.0,7.0,0.0,194.0
430,429,Luis Cessa,NYY,0.0,3.0,4.75,10.0,5.0,0.0,0.0,0.0,0.0,0.0,36.0,160.0,36.0,21.0,19.0,7.0,17.0,0.0,3.0,2.0,0.0,30.0
431,430,Dustin McGowan,MIA,8.0,2.0,4.75,63.0,0.0,0.0,0.0,0.0,3.0,3.0,77.2,330.0,77.0,42.0,41.0,13.0,27.0,5.0,2.0,5.0,0.0,64.0
432,431,Diego Moreno,TBR,0.0,1.0,4.76,5.0,0.0,0.0,0.0,0.0,0.0,0.0,5.2,26.0,6.0,4.0,3.0,1.0,2.0,0.0,1.0,0.0,0.0,6.0
433,432,Scott Feldman,CIN,7.0,7.0,4.77,21.0,21.0,1.0,1.0,0.0,0.0,0.0,111.1,472.0,116.0,62.0,59.0,21.0,35.0,2.0,6.0,3.0,0.0,93.0
434,433,Tyler Clippard,- - -,2.0,8.0,4.77,67.0,0.0,0.0,0.0,5.0,9.0,6.0,60.1,264.0,47.0,33.0,32.0,10.0,31.0,1.0,2.0,11.0,0.0,72.0
435,434,Joe Musgrove,HOU,7.0,8.0,4.77,38.0,15.0,0.0,0.0,2.0,5.0,2.0,109.1,462.0,117.0,59.0,58.0,18.0,28.0,1.0,4.0,4.0,0.0,98.0
436,435,Ty Blach,SFG,8.0,12.0,4.78,34.0,24.0,1.0,1.0,0.0,0.0,0.0,163.2,692.0,179.0,91.0,87.0,17.0,43.0,2.0,1.0,3.0,0.0,73.0
437,436,Brad Ziegler,MIA,1.0,4.0,4.79,53.0,0.0,0.0,0.0,10.0,7.0,5.0,47.0,211.0,57.0,29.0,25.0,1.0,16.0,6.0,6.0,1.0,0.0,26.0
438,437,Clayton Richard,SDP,8.0,15.0,4.79,32.0,32.0,2.0,1.0,0.0,0.0,0.0,197.1,858.0,240.0,114.0,105.0,24.0,59.0,6.0,8.0,7.0,1.0,151.0
439,438,Mike Foltynewicz,ATL,10.0,13.0,4.79,29.0,28.0,0.0,0.0,0.0,0.0,0.0,154.0,692.0,169.0,86.0,82.0,20.0,59.0,2.0,10.0,4.0,0.0,143.0
440,439,Kevin Siegrist,- - -,1.0,1.0,4.81,46.0,0.0,0.0,0.0,1.0,9.0,0.0,39.1,172.0,39.0,21.0,21.0,5.0,22.0,2.0,1.0,3.0,0.0,43.0
441,440,Tyler Anderson,COL,6.0,6.0,4.81,17.0,15.0,0.0,0.0,0.0,0.0,0.0,86.0,362.0,88.0,48.0,46.0,16.0,26.0,0.0,2.0,6.0,2.0,81.0
442,441,Brandon Woodruff,MIL,2.0,3.0,4.81,8.0,8.0,0.0,0.0,0.0,0.0,0.0,43.0,184.0,43.0,23.0,23.0,5.0,14.0,1.0,3.0,0.0,0.0,32.0
443,442,Martin Perez,TEX,13.0,12.0,4.82,32.0,32.0,0.0,0.0,0.0,0.0,0.0,185.0,811.0,221.0,108.0,99.0,23.0,63.0,3.0,6.0,4.0,0.0,115.0
444,443,Giovanny Gallegos,NYY,0.0,1.0,4.87,16.0,0.0,0.0,0.0,0.0,0.0,1.0,20.1,88.0,21.0,12.0,11.0,3.0,5.0,1.0,0.0,1.0,1.0,22.0
445,444,Jarred Cosart,SDP,0.0,2.0,4.87,7.0,6.0,0.0,0.0,0.0,0.0,0.0,24.0,114.0,26.0,15.0,13.0,0.0,19.0,0.0,2.0,1.0,1.0,15.0
446,445,Doug Fister,BOS,5.0,9.0,4.88,18.0,15.0,1.0,0.0,0.0,0.0,0.0,90.1,392.0,87.0,55.0,49.0,9.0,38.0,3.0,3.0,2.0,1.0,83.0
447,446,Warwick Saupold,DET,3.0,2.0,4.88,45.0,0.0,0.0,0.0,0.0,2.0,0.0,62.2,280.0,64.0,36.0,34.0,9.0,31.0,5.0,6.0,4.0,0.0,44.0
448,447,Josh A. Smith,OAK,2.0,1.0,4.89,26.0,0.0,0.0,0.0,0.0,1.0,0.0,35.0,151.0,35.0,20.0,19.0,3.0,15.0,1.0,0.0,1.0,0.0,25.0
449,448,Buddy Boshers,MIN,1.0,0.0,4.89,38.0,0.0,0.0,0.0,0.0,3.0,0.0,35.0,153.0,37.0,20.0,19.0,7.0,10.0,1.0,2.0,2.0,0.0,28.0
450,449,Alex Wimmers,MIN,0.0,0.0,4.91,6.0,0.0,0.0,0.0,0.0,0.0,0.0,7.1,38.0,8.0,4.0,4.0,2.0,8.0,0.0,0.0,0.0,0.0,7.0
451,450,Luiz Gohara,ATL,1.0,3.0,4.91,5.0,5.0,0.0,0.0,0.0,0.0,0.0,29.1,123.0,32.0,17.0,16.0,2.0,8.0,0.0,0.0,1.0,0.0,31.0
452,451,Ryan Garton,- - -,0.0,1.0,4.91,20.0,0.0,0.0,0.0,0.0,1.0,1.0,22.0,90.0,18.0,12.0,12.0,4.0,6.0,0.0,0.0,2.0,0.0,16.0
453,452,Ricky Nolasco,LAA,6.0,15.0,4.92,33.0,33.0,1.0,1.0,0.0,0.0,0.0,181.0,787.0,205.0,102.0,99.0,35.0,58.0,3.0,3.0,4.0,0.0,143.0
454,453,Hansel Robles,NYM,7.0,5.0,4.92,46.0,0.0,0.0,0.0,0.0,5.0,2.0,56.2,247.0,47.0,31.0,31.0,10.0,29.0,2.0,5.0,2.0,0.0,60.0
455,454,Trevor Cahill,- - -,4.0,3.0,4.93,21.0,14.0,0.0,0.0,0.0,1.0,0.0,84.0,381.0,91.0,50.0,46.0,16.0,45.0,1.0,3.0,16.0,0.0,87.0
456,455,Scott Oberg,COL,0.0,1.0,4.94,66.0,0.0,0.0,0.0,0.0,14.0,1.0,58.1,265.0,70.0,35.0,32.0,4.0,24.0,2.0,2.0,3.0,0.0,55.0
457,456,Grant Dayton,LAD,1.0,1.0,4.94,29.0,0.0,0.0,0.0,0.0,4.0,1.0,23.2,102.0,19.0,13.0,13.0,5.0,12.0,1.0,0.0,0.0,0.0,20.0
458,457,Tyler Duffey,MIN,2.0,3.0,4.94,56.0,0.0,0.0,0.0,1.0,12.0,2.0,71.0,310.0,79.0,41.0,39.0,9.0,18.0,5.0,1.0,4.0,0.0,67.0
459,458,Matt Garza,MIL,6.0,9.0,4.94,24.0,22.0,0.0,0.0,0.0,0.0,0.0,114.2,504.0,121.0,72.0,63.0,17.0,45.0,4.0,1.0,4.0,0.0,79.0
460,459,Austin Brice,CIN,0.0,0.0,4.96,22.0,0.0,0.0,0.0,0.0,1.0,0.0,32.2,137.0,33.0,18.0,18.0,6.0,7.0,0.0,3.0,0.0,0.0,26.0
461,460,Mark Leiter Jr.,PHI,3.0,6.0,4.96,27.0,11.0,0.0,0.0,0.0,0.0,0.0,90.2,395.0,90.0,59.0,50.0,18.0,31.0,2.0,7.0,3.0,0.0,84.0
462,461,Josh Tomlin,CLE,10.0,9.0,4.98,26.0,26.0,1.0,0.0,0.0,0.0,0.0,141.0,585.0,166.0,80.0,78.0,23.0,14.0,0.0,4.0,1.0,0.0,109.0
463,462,Marco Estrada,TOR,10.0,9.0,4.98,33.0,33.0,0.0,0.0,0.0,0.0,0.0,186.0,806.0,186.0,104.0,103.0,31.0,71.0,0.0,2.0,1.0,0.0,176.0
464,463,Christian Bergman,SEA,4.0,5.0,5.0,13.0,8.0,0.0,0.0,0.0,0.0,0.0,54.0,230.0,61.0,31.0,30.0,12.0,15.0,1.0,3.0,0.0,0.0,33.0
465,464,Jake Barrett,ARI,1.0,1.0,5.0,28.0,0.0,0.0,0.0,0.0,2.0,1.0,27.0,121.0,27.0,18.0,15.0,7.0,15.0,2.0,0.0,1.0,0.0,26.0
466,465,Joe Ross,WSN,5.0,3.0,5.01,13.0,13.0,0.0,0.0,0.0,0.0,0.0,73.2,323.0,88.0,44.0,41.0,16.0,20.0,2.0,1.0,2.0,0.0,68.0
467,466,Chad Bettis,COL,2.0,4.0,5.05,9.0,9.0,0.0,0.0,0.0,0.0,0.0,46.1,200.0,52.0,27.0,26.0,8.0,11.0,0.0,1.0,3.0,0.0,30.0
468,467,Derek Law,SFG,4.0,1.0,5.06,41.0,0.0,0.0,0.0,4.0,5.0,2.0,37.1,168.0,45.0,21.0,21.0,5.0,14.0,2.0,2.0,5.0,0.0,35.0
469,468,Jason Hursh,ATL,1.0,0.0,5.06,9.0,0.0,0.0,0.0,0.0,0.0,0.0,10.2,47.0,13.0,6.0,6.0,1.0,4.0,1.0,1.0,1.0,0.0,7.0
470,469,Justin Nicolino,MIA,2.0,3.0,5.06,20.0,8.0,0.0,0.0,0.0,0.0,0.0,48.0,229.0,66.0,33.0,27.0,8.0,20.0,5.0,1.0,0.0,0.0,26.0
471,470,Adam Ottavino,COL,2.0,3.0,5.06,63.0,0.0,0.0,0.0,0.0,21.0,2.0,53.1,243.0,48.0,30.0,30.0,8.0,39.0,2.0,4.0,8.0,0.0,63.0
472,471,Kyle Gibson,MIN,12.0,10.0,5.07,29.0,29.0,0.0,0.0,0.0,0.0,0.0,158.0,693.0,182.0,93.0,89.0,24.0,60.0,0.0,6.0,4.0,0.0,121.0
473,472,Jacob Turner,WSN,2.0,3.0,5.08,18.0,2.0,0.0,0.0,0.0,1.0,3.0,39.0,170.0,43.0,23.0,22.0,8.0,15.0,1.0,1.0,3.0,0.0,23.0
474,473,Cody Reed,CIN,1.0,1.0,5.09,12.0,1.0,0.0,0.0,1.0,0.0,0.0,17.2,79.0,11.0,11.0,10.0,3.0,19.0,3.0,0.0,2.0,0.0,17.0
475,474,Craig Breslow,- - -,1.0,1.0,5.09,37.0,0.0,0.0,0.0,0.0,1.0,1.0,35.1,159.0,41.0,21.0,20.0,4.0,14.0,2.0,2.0,1.0,0.0,23.0
476,475,Yohander Mendez,TEX,0.0,1.0,5.11,7.0,0.0,0.0,0.0,0.0,1.0,0.0,12.1,52.0,13.0,9.0,7.0,3.0,3.0,0.0,1.0,0.0,0.0,7.0
477,476,Adam Wainwright,STL,12.0,5.0,5.11,24.0,23.0,0.0,0.0,0.0,0.0,0.0,123.1,546.0,140.0,73.0,70.0,14.0,45.0,4.0,5.0,2.0,0.0,96.0
478,477,Josh Smoker,NYM,1.0,2.0,5.11,54.0,0.0,0.0,0.0,0.0,7.0,0.0,56.1,267.0,64.0,34.0,32.0,10.0,32.0,7.0,3.0,2.0,0.0,68.0
479,478,Albert Suarez,SFG,0.0,3.0,5.12,18.0,0.0,0.0,0.0,1.0,0.0,2.0,31.2,135.0,28.0,18.0,18.0,4.0,11.0,2.0,1.0,1.0,0.0,34.0
480,479,Junior Guerra,MIL,1.0,4.0,5.12,21.0,14.0,0.0,0.0,0.0,0.0,0.0,70.1,314.0,61.0,44.0,40.0,18.0,43.0,0.0,4.0,5.0,0.0,67.0
481,480,Ariel Miranda,SEA,8.0,7.0,5.12,31.0,29.0,1.0,0.0,0.0,0.0,0.0,160.0,678.0,140.0,93.0,91.0,37.0,63.0,1.0,5.0,8.0,0.0,137.0
482,481,Koda Glover,WSN,0.0,1.0,5.12,23.0,0.0,0.0,0.0,8.0,5.0,2.0,19.1,80.0,20.0,11.0,11.0,1.0,4.0,0.0,0.0,1.0,0.0,17.0
483,482,Vince Velasquez,PHI,2.0,7.0,5.13,15.0,15.0,0.0,0.0,0.0,0.0,0.0,72.0,315.0,74.0,44.0,41.0,15.0,34.0,1.0,3.0,2.0,1.0,68.0
484,483,Michael Tonkin,MIN,0.0,1.0,5.14,16.0,0.0,0.0,0.0,0.0,0.0,0.0,21.0,97.0,22.0,15.0,12.0,6.0,12.0,0.0,1.0,2.0,0.0,24.0
485,484,Ernesto Frieri,TEX,0.0,1.0,5.14,6.0,0.0,0.0,0.0,0.0,2.0,0.0,7.0,31.0,6.0,4.0,4.0,0.0,6.0,2.0,0.0,0.0,0.0,5.0
486,485,Ryan Dull,OAK,2.0,2.0,5.14,49.0,0.0,0.0,0.0,0.0,20.0,2.0,42.0,177.0,37.0,30.0,24.0,7.0,16.0,1.0,3.0,6.0,0.0,45.0
487,486,Nick Tepesch,- - -,1.0,2.0,5.17,4.0,4.0,0.0,0.0,0.0,0.0,0.0,15.2,80.0,22.0,15.0,9.0,6.0,9.0,1.0,3.0,0.0,0.0,9.0
488,487,Dillon Peters,MIA,1.0,2.0,5.17,6.0,6.0,0.0,0.0,0.0,0.0,0.0,31.1,139.0,32.0,18.0,18.0,3.0,19.0,1.0,2.0,3.0,0.0,27.0
489,488,Ariel Hernandez,CIN,0.0,0.0,5.18,19.0,0.0,0.0,0.0,0.0,0.0,0.0,24.1,108.0,14.0,14.0,14.0,6.0,22.0,1.0,0.0,2.0,0.0,29.0
490,489,Robert Gsellman,NYM,8.0,7.0,5.19,25.0,22.0,1.0,0.0,0.0,1.0,1.0,119.2,549.0,138.0,85.0,69.0,17.0,42.0,3.0,8.0,4.0,0.0,82.0
491,490,Kevin McGowan,NYM,0.0,0.0,5.19,8.0,0.0,0.0,0.0,0.0,0.0,0.0,8.2,40.0,8.0,5.0,5.0,2.0,6.0,0.0,0.0,0.0,0.0,8.0
492,491,Ben Taylor,BOS,0.0,1.0,5.19,14.0,0.0,0.0,0.0,1.0,1.0,0.0,17.1,80.0,20.0,10.0,10.0,3.0,9.0,0.0,0.0,1.0,0.0,18.0
493,492,Edwin Jackson,- - -,5.0,6.0,5.21,16.0,13.0,0.0,0.0,0.0,0.0,0.0,76.0,339.0,86.0,53.0,44.0,20.0,29.0,2.0,0.0,3.0,0.0,60.0
494,493,Zack Wheeler,NYM,3.0,7.0,5.21,17.0,17.0,0.0,0.0,0.0,0.0,0.0,86.1,386.0,97.0,53.0,50.0,15.0,40.0,1.0,3.0,1.0,0.0,81.0
495,494,Fernando Salas,- - -,2.0,2.0,5.22,61.0,0.0,0.0,0.0,0.0,12.0,1.0,58.2,263.0,67.0,39.0,34.0,7.0,22.0,6.0,0.0,4.0,0.0,56.0
496,495,Mike Fiers,HOU,8.0,10.0,5.22,29.0,28.0,0.0,0.0,0.0,0.0,0.0,153.1,671.0,157.0,95.0,89.0,32.0,62.0,0.0,13.0,11.0,1.0,146.0
497,496,James Shields,CHW,5.0,7.0,5.23,21.0,21.0,0.0,0.0,0.0,0.0,0.0,117.0,516.0,116.0,72.0,68.0,27.0,53.0,3.0,3.0,5.0,0.0,103.0
498,497,Felix Pena,CHC,1.0,0.0,5.24,25.0,0.0,0.0,0.0,0.0,1.0,0.0,34.1,155.0,35.0,21.0,20.0,8.0,18.0,1.0,2.0,3.0,0.0,37.0
499,498,Alec Asher,BAL,2.0,5.0,5.25,24.0,6.0,0.0,0.0,0.0,0.0,0.0,60.0,265.0,61.0,36.0,35.0,10.0,23.0,2.0,7.0,4.0,0.0,47.0
500,499,Matthew Boyd,DET,6.0,11.0,5.27,26.0,25.0,1.0,1.0,0.0,0.0,0.0,135.0,605.0,157.0,84.0,79.0,18.0,53.0,3.0,3.0,2.0,0.0,110.0
501,500,Erik Goeddel,NYM,0.0,1.0,5.28,33.0,0.0,0.0,0.0,0.0,1.0,0.0,29.0,122.0,28.0,17.0,17.0,8.0,11.0,0.0,0.0,2.0,0.0,33.0
502,501,Jason Hammel,KCR,8.0,13.0,5.29,32.0,32.0,0.0,0.0,0.0,0.0,0.0,180.1,804.0,209.0,109.0,106.0,26.0,48.0,2.0,9.0,7.0,1.0,145.0
503,502,Jesse Hahn,OAK,3.0,6.0,5.3,14.0,13.0,0.0,0.0,0.0,0.0,0.0,69.2,316.0,78.0,46.0,41.0,4.0,27.0,0.0,3.0,2.0,0.0,55.0
504,503,Daniel Norris,DET,5.0,8.0,5.31,22.0,18.0,0.0,0.0,0.0,0.0,0.0,101.2,460.0,120.0,64.0,60.0,12.0,44.0,3.0,3.0,1.0,0.0,86.0
505,504,Austin Pruitt,TBR,7.0,5.0,5.31,30.0,8.0,0.0,0.0,1.0,1.0,1.0,83.0,371.0,103.0,55.0,49.0,11.0,22.0,2.0,5.0,4.0,0.0,66.0
506,505,Tyler Pill,NYM,0.0,3.0,5.32,7.0,3.0,0.0,0.0,0.0,0.0,0.0,22.0,99.0,22.0,16.0,13.0,3.0,10.0,2.0,2.0,0.0,0.0,16.0
507,506,Ian Krol,ATL,2.0,2.0,5.33,51.0,0.0,0.0,0.0,0.0,3.0,0.0,49.0,214.0,50.0,34.0,29.0,8.0,21.0,0.0,4.0,2.0,0.0,44.0
508,507,T.J. McFarland,ARI,4.0,5.0,5.33,43.0,1.0,0.0,0.0,0.0,2.0,0.0,54.0,241.0,65.0,42.0,32.0,4.0,17.0,6.0,2.0,2.0,0.0,29.0
509,508,Andrew Moore,SEA,1.0,5.0,5.34,11.0,9.0,0.0,0.0,0.0,0.0,1.0,59.0,243.0,60.0,36.0,35.0,14.0,8.0,0.0,1.0,0.0,0.0,31.0
510,509,Joe Biagini,TOR,3.0,13.0,5.34,44.0,18.0,0.0,0.0,1.0,9.0,2.0,119.2,517.0,125.0,78.0,71.0,15.0,42.0,0.0,2.0,6.0,0.0,97.0
511,510,Jesse Chavez,LAA,7.0,11.0,5.35,38.0,21.0,0.0,0.0,0.0,1.0,1.0,138.0,586.0,148.0,83.0,82.0,28.0,45.0,2.0,2.0,1.0,0.0,119.0
512,511,Ian Kennedy,KCR,5.0,13.0,5.38,30.0,30.0,0.0,0.0,0.0,0.0,0.0,154.0,655.0,143.0,99.0,92.0,34.0,61.0,2.0,5.0,4.0,1.0,131.0
513,512,Jandel Gustave,HOU,0.0,0.0,5.4,6.0,0.0,0.0,0.0,0.0,0.0,0.0,5.0,25.0,5.0,4.0,3.0,0.0,7.0,0.0,0.0,0.0,0.0,2.0
514,513,Chris Smith,TOR,0.0,0.0,5.4,4.0,0.0,0.0,0.0,0.0,0.0,0.0,5.0,23.0,7.0,3.0,3.0,1.0,1.0,0.0,0.0,0.0,0.0,1.0
515,514,Julio Urias,LAD,0.0,2.0,5.4,5.0,5.0,0.0,0.0,0.0,0.0,0.0,23.1,102.0,23.0,15.0,14.0,1.0,14.0,1.0,1.0,1.0,1.0,11.0
516,515,Chad Qualls,COL,1.0,1.0,5.4,19.0,0.0,0.0,0.0,0.0,1.0,0.0,16.2,72.0,17.0,11.0,10.0,3.0,5.0,0.0,0.0,0.0,0.0,11.0
517,516,Matt Cain,SFG,3.0,11.0,5.43,27.0,23.0,0.0,0.0,0.0,1.0,0.0,124.1,568.0,157.0,85.0,75.0,18.0,49.0,6.0,2.0,3.0,0.0,75.0
518,517,Jeremy Hellickson,- - -,8.0,11.0,5.43,30.0,30.0,0.0,0.0,0.0,0.0,0.0,164.0,695.0,160.0,105.0,99.0,35.0,47.0,2.0,8.0,4.0,1.0,96.0
519,518,Blake Wood,- - -,3.0,4.0,5.45,72.0,0.0,0.0,0.0,0.0,3.0,1.0,74.1,332.0,84.0,49.0,45.0,8.0,33.0,2.0,1.0,7.0,2.0,84.0
520,519,Matt Strahm,KCR,2.0,5.0,5.45,24.0,3.0,0.0,0.0,0.0,5.0,0.0,34.2,154.0,30.0,22.0,21.0,6.0,22.0,2.0,3.0,3.0,0.0,37.0
521,520,Neftali Feliz,- - -,2.0,5.0,5.48,49.0,0.0,0.0,0.0,8.0,2.0,1.0,46.0,196.0,40.0,33.0,28.0,9.0,23.0,2.0,1.0,1.0,0.0,37.0
522,521,Tony Barnette,TEX,2.0,1.0,5.49,50.0,0.0,0.0,0.0,2.0,4.0,4.0,57.1,252.0,64.0,36.0,35.0,7.0,22.0,4.0,2.0,4.0,0.0,57.0
523,522,Tim Adleman,CIN,5.0,11.0,5.52,30.0,20.0,0.0,0.0,0.0,2.0,0.0,122.1,531.0,124.0,79.0,75.0,29.0,51.0,1.0,6.0,1.0,1.0,108.0
524,523,Rafael Montero,NYM,5.0,11.0,5.52,34.0,18.0,0.0,0.0,0.0,0.0,0.0,119.0,550.0,141.0,75.0,73.0,12.0,67.0,5.0,5.0,6.0,1.0,114.0
525,524,Matt Moore,SFG,6.0,15.0,5.52,32.0,31.0,0.0,0.0,0.0,0.0,0.0,174.1,790.0,200.0,116.0,107.0,27.0,67.0,3.0,7.0,10.0,0.0,148.0
526,525,Justin Grimm,CHC,1.0,2.0,5.53,50.0,0.0,0.0,0.0,1.0,4.0,2.0,55.1,232.0,47.0,34.0,34.0,12.0,27.0,0.0,1.0,4.0,1.0,59.0
527,526,Luke Farrell,- - -,0.0,0.0,5.54,10.0,1.0,0.0,0.0,0.0,1.0,0.0,13.0,61.0,12.0,8.0,8.0,2.0,10.0,0.0,0.0,0.0,0.0,9.0
528,527,Jim Johnson,ATL,6.0,3.0,5.56,61.0,0.0,0.0,0.0,22.0,1.0,9.0,56.2,256.0,59.0,39.0,35.0,8.0,25.0,3.0,1.0,3.0,0.0,61.0
529,528,Carlos Estevez,COL,5.0,0.0,5.57,35.0,0.0,0.0,0.0,0.0,6.0,0.0,32.1,149.0,39.0,21.0,20.0,3.0,14.0,2.0,1.0,1.0,1.0,31.0
530,529,Jharel Cotton,OAK,9.0,10.0,5.58,24.0,24.0,0.0,0.0,0.0,0.0,0.0,129.0,566.0,133.0,91.0,80.0,28.0,53.0,1.0,4.0,9.0,2.0,105.0
531,530,Wade Miley,BAL,8.0,15.0,5.61,32.0,32.0,0.0,0.0,0.0,0.0,0.0,157.1,728.0,179.0,104.0,98.0,25.0,93.0,1.0,4.0,1.0,0.0,142.0
532,531,Lucas Sims,ATL,3.0,6.0,5.62,14.0,10.0,0.0,0.0,0.0,1.0,0.0,57.2,255.0,64.0,37.0,36.0,9.0,23.0,2.0,4.0,0.0,0.0,44.0
533,532,Zach Lee,SDP,1.0,0.0,5.62,3.0,1.0,0.0,0.0,0.0,0.0,0.0,8.0,41.0,8.0,5.0,5.0,1.0,8.0,0.0,0.0,0.0,0.0,6.0
534,533,Michael Feliz,HOU,4.0,2.0,5.63,46.0,0.0,0.0,0.0,0.0,2.0,2.0,48.0,218.0,53.0,31.0,30.0,8.0,22.0,1.0,0.0,7.0,0.0,70.0
535,534,Nick Gardewine,TEX,0.0,0.0,5.63,12.0,0.0,0.0,0.0,0.0,0.0,0.0,8.0,40.0,10.0,8.0,5.0,1.0,7.0,0.0,0.0,1.0,0.0,3.0
536,535,Tyler Webb,- - -,0.0,0.0,5.63,9.0,0.0,0.0,0.0,0.0,0.0,1.0,8.0,36.0,9.0,5.0,5.0,2.0,5.0,1.0,0.0,0.0,0.0,8.0
537,536,Hector Santiago,MIN,4.0,8.0,5.63,15.0,14.0,0.0,0.0,0.0,0.0,0.0,70.1,311.0,70.0,44.0,44.0,15.0,31.0,0.0,5.0,0.0,1.0,51.0
538,537,Nick Martinez,TEX,3.0,8.0,5.66,23.0,18.0,0.0,0.0,0.0,0.0,0.0,111.1,478.0,124.0,74.0,70.0,26.0,28.0,0.0,2.0,3.0,0.0,67.0
539,538,Francisco Liriano,- - -,6.0,7.0,5.66,38.0,18.0,0.0,0.0,0.0,6.0,0.0,97.0,439.0,105.0,66.0,61.0,11.0,53.0,2.0,4.0,5.0,1.0,85.0
540,539,Silvino Bracho,ARI,0.0,0.0,5.66,21.0,0.0,0.0,0.0,0.0,0.0,0.0,20.2,87.0,18.0,14.0,13.0,5.0,7.0,0.0,0.0,1.0,0.0,25.0
541,540,Steven Okert,SFG,1.0,1.0,5.67,44.0,0.0,0.0,0.0,0.0,11.0,0.0,27.0,118.0,24.0,18.0,17.0,3.0,11.0,2.0,3.0,0.0,0.0,22.0
542,541,Michael Brady,OAK,0.0,0.0,5.68,16.0,0.0,0.0,0.0,0.0,0.0,0.0,31.2,136.0,33.0,22.0,20.0,7.0,6.0,2.0,5.0,1.0,0.0,24.0
543,542,Joe Blanton,WSN,2.0,4.0,5.68,51.0,0.0,0.0,0.0,0.0,7.0,0.0,44.1,195.0,53.0,29.0,28.0,10.0,13.0,2.0,1.0,1.0,0.0,39.0
544,543,Junichi Tazawa,MIA,3.0,5.0,5.69,55.0,0.0,0.0,0.0,0.0,9.0,3.0,55.1,238.0,55.0,35.0,35.0,8.0,22.0,4.0,2.0,2.0,0.0,38.0
545,544,Jumbo Diaz,TBR,1.0,4.0,5.7,31.0,0.0,0.0,0.0,0.0,6.0,3.0,30.0,136.0,32.0,20.0,19.0,4.0,15.0,2.0,0.0,4.0,0.0,28.0
546,545,Yovani Gallardo,SEA,5.0,10.0,5.72,28.0,22.0,0.0,0.0,1.0,0.0,0.0,130.2,578.0,138.0,84.0,83.0,24.0,60.0,3.0,2.0,7.0,0.0,94.0
547,546,Mike Wright Jr.,BAL,0.0,0.0,5.76,13.0,0.0,0.0,0.0,0.0,0.0,0.0,25.0,109.0,26.0,16.0,16.0,5.0,7.0,0.0,3.0,1.0,0.0,28.0
548,547,Braden Shipley,ARI,0.0,1.0,5.76,10.0,3.0,0.0,0.0,0.0,0.0,0.0,25.0,122.0,31.0,18.0,16.0,5.0,15.0,1.0,1.0,1.0,0.0,18.0
549,548,Drew VerHagen,DET,0.0,3.0,5.77,24.0,2.0,0.0,0.0,0.0,5.0,1.0,34.1,145.0,42.0,22.0,22.0,10.0,9.0,1.0,0.0,4.0,0.0,25.0
550,549,Bryan Mitchell,NYY,1.0,1.0,5.79,20.0,1.0,0.0,0.0,1.0,0.0,0.0,32.2,153.0,42.0,24.0,21.0,2.0,13.0,1.0,1.0,2.0,0.0,17.0
551,550,Tony Sipp,HOU,0.0,1.0,5.79,46.0,0.0,0.0,0.0,0.0,4.0,0.0,37.1,165.0,36.0,25.0,24.0,8.0,16.0,2.0,1.0,1.0,0.0,39.0
552,551,Francis Martes,HOU,5.0,2.0,5.8,32.0,4.0,0.0,0.0,0.0,1.0,1.0,54.1,249.0,51.0,40.0,35.0,7.0,31.0,3.0,8.0,8.0,0.0,69.0
553,552,Ryne Stanek,TBR,0.0,0.0,5.85,21.0,0.0,0.0,0.0,0.0,4.0,1.0,20.0,95.0,26.0,13.0,13.0,6.0,12.0,2.0,0.0,4.0,0.0,29.0
554,553,Phil Hughes,MIN,4.0,3.0,5.87,14.0,9.0,0.0,0.0,0.0,0.0,0.0,53.2,244.0,72.0,38.0,35.0,12.0,13.0,2.0,1.0,0.0,0.0,38.0
555,554,Sammy Solis,WSN,1.0,0.0,5.88,30.0,0.0,0.0,0.0,1.0,6.0,0.0,26.0,112.0,22.0,17.0,17.0,4.0,13.0,0.0,0.0,3.0,0.0,28.0
556,555,Jeff Hoffman,COL,6.0,5.0,5.89,23.0,16.0,0.0,0.0,0.0,0.0,0.0,99.1,440.0,106.0,66.0,65.0,15.0,40.0,1.0,4.0,2.0,0.0,82.0
557,556,Michael Ynoa,CHW,1.0,0.0,5.9,22.0,0.0,0.0,0.0,0.0,0.0,0.0,29.0,141.0,28.0,22.0,19.0,4.0,22.0,0.0,5.0,3.0,0.0,23.0
558,557,Mike Pelfrey,CHW,3.0,12.0,5.92,34.0,21.0,0.0,0.0,0.0,0.0,0.0,120.0,546.0,127.0,87.0,79.0,25.0,62.0,4.0,10.0,1.0,0.0,79.0
559,558,A.J. Griffin,TEX,6.0,6.0,5.94,18.0,15.0,1.0,1.0,0.0,0.0,0.0,77.1,338.0,76.0,52.0,51.0,20.0,28.0,0.0,6.0,2.0,0.0,61.0
560,559,Blaine Hardy,DET,1.0,0.0,5.94,35.0,0.0,0.0,0.0,0.0,6.0,0.0,33.1,156.0,46.0,24.0,22.0,7.0,13.0,1.0,0.0,1.0,0.0,28.0
561,560,Anthony Banda,ARI,2.0,3.0,5.96,8.0,4.0,0.0,0.0,0.0,0.0,0.0,25.2,115.0,26.0,17.0,17.0,1.0,10.0,1.0,3.0,2.0,0.0,25.0
562,561,Paolo Espino,- - -,0.0,0.0,6.0,12.0,2.0,0.0,0.0,0.0,1.0,0.0,24.0,109.0,23.0,17.0,16.0,7.0,10.0,0.0,3.0,0.0,0.0,20.0
563,562,Justin Haley,MIN,0.0,0.0,6.0,10.0,0.0,0.0,0.0,1.0,0.0,0.0,18.0,81.0,22.0,12.0,12.0,3.0,6.0,0.0,1.0,0.0,0.0,14.0
564,563,Ronald Herrera,NYY,0.0,1.0,6.0,2.0,0.0,0.0,0.0,0.0,0.0,0.0,3.0,14.0,3.0,2.0,2.0,1.0,1.0,0.0,1.0,0.0,0.0,3.0
565,564,Nick Pivetta,PHI,8.0,10.0,6.02,26.0,26.0,0.0,0.0,0.0,0.0,0.0,133.0,584.0,144.0,91.0,89.0,25.0,57.0,0.0,4.0,11.0,2.0,140.0
566,565,Jordan Zimmermann,DET,8.0,13.0,6.07,29.0,29.0,0.0,0.0,0.0,0.0,0.0,160.0,713.0,204.0,111.0,108.0,29.0,44.0,2.0,7.0,3.0,0.0,103.0
567,566,Steven Matz,NYM,2.0,7.0,6.08,13.0,13.0,0.0,0.0,0.0,0.0,0.0,66.2,298.0,83.0,46.0,45.0,12.0,19.0,2.0,3.0,1.0,0.0,48.0
568,567,Marco Gonzales,- - -,1.0,1.0,6.08,11.0,8.0,0.0,0.0,0.0,0.0,0.0,40.0,185.0,59.0,27.0,27.0,8.0,11.0,0.0,1.0,2.0,0.0,32.0
569,568,Sam Dyson,- - -,4.0,10.0,6.09,55.0,0.0,0.0,0.0,14.0,4.0,7.0,54.2,260.0,67.0,41.0,37.0,8.0,30.0,7.0,3.0,2.0,1.0,34.0
570,569,Artie Lewicki,DET,0.0,1.0,6.1,4.0,1.0,0.0,0.0,0.0,0.0,0.0,10.1,52.0,19.0,8.0,7.0,1.0,4.0,0.0,0.0,0.0,0.0,6.0
571,570,Daniel Gossett,OAK,4.0,11.0,6.11,18.0,18.0,0.0,0.0,0.0,0.0,0.0,91.1,414.0,116.0,67.0,62.0,21.0,31.0,0.0,0.0,10.0,0.0,72.0
572,571,Adam Conley,MIA,8.0,8.0,6.14,22.0,20.0,0.0,0.0,0.0,0.0,0.0,102.2,463.0,114.0,74.0,70.0,19.0,42.0,4.0,8.0,5.0,0.0,72.0
573,572,Rob Whalen,SEA,0.0,1.0,6.14,2.0,1.0,0.0,0.0,0.0,0.0,0.0,7.1,31.0,7.0,5.0,5.0,1.0,2.0,0.0,2.0,0.0,0.0,2.0
574,573,Zach Eflin,PHI,1.0,5.0,6.16,11.0,11.0,0.0,0.0,0.0,0.0,0.0,64.1,280.0,79.0,45.0,44.0,16.0,12.0,0.0,5.0,2.0,0.0,35.0
575,574,Derek Holland,CHW,7.0,14.0,6.2,29.0,26.0,0.0,0.0,0.0,0.0,0.0,135.0,626.0,156.0,106.0,93.0,31.0,75.0,2.0,8.0,7.0,0.0,104.0
576,575,Josh Osich,SFG,3.0,2.0,6.23,54.0,0.0,0.0,0.0,0.0,6.0,1.0,43.1,201.0,48.0,32.0,30.0,7.0,27.0,1.0,1.0,5.0,0.0,43.0
577,576,Ricardo Rodriguez,TEX,0.0,1.0,6.23,16.0,0.0,0.0,0.0,1.0,1.0,2.0,13.0,60.0,17.0,9.0,9.0,3.0,4.0,0.0,1.0,0.0,0.0,11.0
578,577,Jason Grilli,- - -,2.0,5.0,6.3,46.0,0.0,0.0,0.0,1.0,4.0,2.0,40.0,184.0,46.0,30.0,28.0,12.0,18.0,0.0,1.0,2.0,0.0,48.0
579,578,Mike Bolsinger,TOR,0.0,3.0,6.31,11.0,5.0,0.0,0.0,0.0,0.0,0.0,41.1,196.0,48.0,32.0,29.0,9.0,27.0,0.0,3.0,3.0,0.0,39.0
580,579,Jack Flaherty,STL,0.0,2.0,6.33,6.0,5.0,0.0,0.0,0.0,0.0,0.0,21.1,94.0,23.0,15.0,15.0,4.0,10.0,1.0,1.0,0.0,0.0,20.0
581,580,Joely Rodriguez,PHI,1.0,2.0,6.33,26.0,0.0,0.0,0.0,0.0,3.0,2.0,27.0,134.0,37.0,26.0,19.0,4.0,15.0,3.0,4.0,0.0,1.0,18.0
582,581,Brett Anderson,- - -,4.0,4.0,6.34,13.0,13.0,0.0,0.0,0.0,0.0,0.0,55.1,251.0,73.0,41.0,39.0,5.0,21.0,0.0,0.0,2.0,0.0,38.0
583,582,Casey Lawrence,- - -,2.0,3.0,6.34,27.0,2.0,0.0,0.0,0.0,0.0,1.0,55.1,264.0,77.0,41.0,39.0,11.0,25.0,4.0,1.0,1.0,0.0,52.0
584,583,Chase De Jong,SEA,0.0,3.0,6.35,7.0,4.0,0.0,0.0,0.0,0.0,1.0,28.1,125.0,31.0,20.0,20.0,5.0,13.0,0.0,0.0,0.0,0.0,13.0
585,584,Chris Beck,CHW,2.0,1.0,6.4,57.0,0.0,0.0,0.0,0.0,3.0,1.0,64.2,294.0,73.0,48.0,46.0,16.0,34.0,3.0,4.0,1.0,0.0,42.0
586,585,Anibal Sanchez,DET,3.0,7.0,6.41,28.0,17.0,0.0,0.0,0.0,0.0,0.0,105.1,482.0,139.0,81.0,75.0,26.0,29.0,1.0,4.0,5.0,1.0,104.0
587,586,John Axford,OAK,0.0,1.0,6.43,22.0,0.0,0.0,0.0,0.0,1.0,1.0,21.0,109.0,27.0,16.0,15.0,3.0,17.0,0.0,2.0,1.0,0.0,21.0
588,587,Homer Bailey,CIN,6.0,9.0,6.43,18.0,18.0,0.0,0.0,0.0,0.0,0.0,91.0,420.0,112.0,67.0,65.0,11.0,42.0,2.0,8.0,4.0,0.0,67.0
589,588,Bryan Morris,SFG,2.0,0.0,6.43,20.0,0.0,0.0,0.0,0.0,1.0,0.0,21.0,94.0,24.0,16.0,15.0,1.0,11.0,2.0,0.0,1.0,0.0,15.0
590,589,Aaron Slegers,MIN,0.0,1.0,6.46,4.0,3.0,0.0,0.0,0.0,0.0,0.0,15.1,63.0,12.0,12.0,11.0,3.0,6.0,0.0,0.0,0.0,0.0,9.0
591,590,Josh Ravin,LAD,0.0,1.0,6.48,14.0,0.0,0.0,0.0,1.0,1.0,0.0,16.2,71.0,12.0,12.0,12.0,4.0,9.0,1.0,1.0,0.0,0.0,19.0
592,591,Adam Kolarek,TBR,1.0,0.0,6.48,12.0,0.0,0.0,0.0,0.0,2.0,0.0,8.1,40.0,9.0,6.0,6.0,2.0,4.0,2.0,4.0,1.0,0.0,4.0
593,592,Bartolo Colon,- - -,7.0,14.0,6.48,28.0,28.0,1.0,0.0,0.0,0.0,0.0,143.0,648.0,192.0,112.0,103.0,28.0,35.0,0.0,1.0,1.0,1.0,89.0
594,593,Asher Wojciechowski,CIN,4.0,3.0,6.5,25.0,8.0,0.0,0.0,0.0,2.0,0.0,62.1,279.0,71.0,48.0,45.0,14.0,19.0,1.0,5.0,1.0,0.0,64.0
595,594,David Paulino,HOU,2.0,0.0,6.52,6.0,6.0,0.0,0.0,0.0,0.0,0.0,29.0,128.0,36.0,21.0,21.0,8.0,7.0,0.0,0.0,5.0,0.0,34.0
596,595,Dylan Floro,CHC,0.0,0.0,6.52,3.0,0.0,0.0,0.0,0.0,0.0,0.0,9.2,45.0,15.0,7.0,7.0,2.0,2.0,0.0,1.0,0.0,0.0,6.0
597,596,Brandon Maurer,- - -,3.0,6.0,6.52,68.0,0.0,0.0,0.0,22.0,6.0,4.0,59.1,267.0,73.0,43.0,43.0,8.0,19.0,2.0,1.0,1.0,0.0,59.0
598,597,Carter Capps,SDP,0.0,0.0,6.57,11.0,0.0,0.0,0.0,0.0,1.0,0.0,12.1,49.0,12.0,9.0,9.0,2.0,2.0,0.0,0.0,1.0,0.0,7.0
599,598,Mat Latos,TOR,0.0,1.0,6.6,3.0,3.0,0.0,0.0,0.0,0.0,0.0,15.0,70.0,19.0,11.0,11.0,5.0,8.0,1.0,1.0,1.0,0.0,10.0
600,599,Dillon Overton,- - -,0.0,1.0,6.65,10.0,2.0,0.0,0.0,0.0,0.0,0.0,23.0,103.0,30.0,19.0,17.0,6.0,4.0,2.0,1.0,3.0,0.0,11.0
601,600,Tom Koehler,- - -,1.0,7.0,6.69,27.0,13.0,0.0,0.0,0.0,2.0,0.0,72.2,334.0,83.0,55.0,54.0,16.0,35.0,3.0,7.0,1.0,0.0,62.0
602,601,Matt Harvey,NYM,5.0,7.0,6.7,19.0,18.0,0.0,0.0,0.0,0.0,0.0,92.2,431.0,110.0,70.0,69.0,21.0,47.0,3.0,6.0,6.0,1.0,67.0
603,602,Tanner Scheppers,TEX,0.0,1.0,6.75,5.0,0.0,0.0,0.0,0.0,1.0,0.0,4.0,21.0,5.0,3.0,3.0,0.0,3.0,0.0,1.0,0.0,0.0,5.0
604,603,Buck Farmer,DET,5.0,5.0,6.75,11.0,11.0,0.0,0.0,0.0,0.0,0.0,48.0,219.0,55.0,38.0,36.0,9.0,20.0,0.0,4.0,1.0,0.0,49.0
605,604,Shane Carle,COL,0.0,0.0,6.75,3.0,0.0,0.0,0.0,0.0,0.0,0.0,4.0,19.0,6.0,3.0,3.0,1.0,0.0,0.0,0.0,1.0,0.0,4.0
606,605,Keury Mella,CIN,0.0,0.0,6.75,2.0,0.0,0.0,0.0,0.0,0.0,0.0,4.0,19.0,5.0,3.0,3.0,1.0,2.0,1.0,0.0,0.0,0.0,1.0
607,606,Dietrich Enns,MIN,0.0,0.0,6.75,2.0,1.0,0.0,0.0,0.0,0.0,0.0,4.0,21.0,7.0,4.0,3.0,2.0,1.0,0.0,0.0,0.0,0.0,2.0
608,607,Chris Rowley,TOR,1.0,2.0,6.75,6.0,3.0,0.0,0.0,0.0,0.0,0.0,18.2,89.0,24.0,14.0,14.0,4.0,10.0,0.0,0.0,1.0,1.0,11.0
609,608,Barrett Astin,CIN,0.0,0.0,6.75,6.0,0.0,0.0,0.0,0.0,0.0,0.0,8.0,41.0,9.0,6.0,6.0,2.0,7.0,0.0,2.0,0.0,0.0,2.0
610,609,Jeff Ferrell,DET,0.0,0.0,6.75,11.0,0.0,0.0,0.0,0.0,0.0,0.0,9.1,49.0,17.0,7.0,7.0,2.0,5.0,1.0,0.0,0.0,0.0,6.0
611,610,Justin Marks,TBR,0.0,0.0,6.75,1.0,0.0,0.0,0.0,0.0,0.0,0.0,1.1,7.0,2.0,1.0,1.0,1.0,1.0,0.0,0.0,0.0,0.0,1.0
612,611,Chris Smith,OAK,0.0,4.0,6.79,14.0,9.0,0.0,0.0,0.0,0.0,0.0,55.2,250.0,60.0,45.0,42.0,16.0,22.0,1.0,1.0,3.0,0.0,31.0
613,612,Travis Wood,- - -,4.0,7.0,6.8,39.0,14.0,0.0,0.0,0.0,1.0,1.0,94.0,436.0,118.0,77.0,71.0,19.0,45.0,0.0,2.0,1.0,0.0,65.0
614,613,Ubaldo Jimenez,BAL,6.0,11.0,6.81,31.0,25.0,0.0,0.0,0.0,0.0,0.0,142.2,648.0,169.0,109.0,108.0,33.0,58.0,0.0,5.0,3.0,0.0,139.0
615,614,Tim Mayza,TOR,1.0,0.0,6.88,19.0,0.0,0.0,0.0,0.0,2.0,0.0,17.0,79.0,24.0,15.0,13.0,3.0,4.0,0.0,0.0,0.0,0.0,27.0
616,615,Jonathan Broxton,STL,0.0,1.0,6.89,20.0,0.0,0.0,0.0,0.0,1.0,0.0,15.2,78.0,23.0,12.0,12.0,2.0,11.0,2.0,0.0,1.0,0.0,16.0
617,616,Vance Worley,MIA,2.0,6.0,6.91,24.0,12.0,0.0,0.0,1.0,0.0,0.0,71.2,333.0,99.0,56.0,55.0,9.0,30.0,5.0,6.0,1.0,0.0,50.0
618,617,Chad Bell,DET,0.0,3.0,6.93,28.0,4.0,0.0,0.0,0.0,1.0,0.0,62.1,293.0,81.0,49.0,48.0,12.0,31.0,3.0,3.0,1.0,0.0,57.0
619,618,Robbie Ross Jr.,BOS,0.0,0.0,7.0,8.0,0.0,0.0,0.0,0.0,1.0,0.0,9.0,45.0,12.0,7.0,7.0,0.0,5.0,1.0,3.0,2.0,0.0,9.0
620,619,Jake Petricka,CHW,1.0,1.0,7.01,27.0,0.0,0.0,0.0,0.0,3.0,1.0,25.2,122.0,39.0,21.0,20.0,6.0,6.0,0.0,1.0,3.0,0.0,26.0
621,620,Frankie Montas,OAK,1.0,1.0,7.03,23.0,0.0,0.0,0.0,0.0,1.0,0.0,32.0,152.0,39.0,25.0,25.0,10.0,20.0,0.0,3.0,1.0,0.0,36.0
622,621,Shae Simmons,SEA,0.0,2.0,7.04,9.0,0.0,0.0,0.0,0.0,0.0,0.0,7.2,30.0,4.0,6.0,6.0,1.0,4.0,0.0,0.0,1.0,0.0,8.0
623,622,Tyler Wilson,BAL,2.0,2.0,7.04,9.0,1.0,0.0,0.0,0.0,1.0,0.0,15.1,70.0,22.0,14.0,12.0,3.0,4.0,1.0,1.0,1.0,1.0,9.0
624,623,Andrew Heaney,LAA,1.0,2.0,7.06,5.0,5.0,0.0,0.0,0.0,0.0,0.0,21.2,101.0,27.0,17.0,17.0,12.0,9.0,0.0,0.0,2.0,0.0,27.0
625,624,Lucas Harrell,TOR,0.0,0.0,7.11,4.0,0.0,0.0,0.0,0.0,0.0,0.0,6.1,33.0,10.0,5.0,5.0,1.0,4.0,0.0,0.0,1.0,0.0,6.0
626,625,Raul Alcantara,OAK,1.0,2.0,7.13,8.0,4.0,0.0,0.0,0.0,0.0,0.0,24.0,108.0,22.0,21.0,19.0,5.0,12.0,1.0,3.0,0.0,1.0,12.0
627,626,Neil Ramirez,- - -,0.0,1.0,7.18,29.0,0.0,0.0,0.0,0.0,2.0,1.0,31.1,153.0,35.0,30.0,25.0,6.0,21.0,0.0,1.0,3.0,0.0,44.0
628,627,Chris Gimenez,MIN,0.0,0.0,7.2,6.0,0.0,0.0,0.0,0.0,0.0,0.0,5.0,22.0,7.0,4.0,4.0,1.0,0.0,0.0,0.0,0.0,0.0,0.0
629,628,Mike Morin,- - -,0.0,0.0,7.2,16.0,0.0,0.0,0.0,0.0,0.0,0.0,20.0,93.0,29.0,16.0,16.0,3.0,5.0,1.0,1.0,0.0,0.0,16.0
630,629,Rex Brothers,ATL,4.0,3.0,7.23,27.0,0.0,0.0,0.0,0.0,2.0,0.0,23.2,105.0,23.0,19.0,19.0,3.0,12.0,3.0,1.0,2.0,0.0,33.0
631,630,Jeanmar Gomez,PHI,3.0,2.0,7.25,18.0,0.0,0.0,0.0,2.0,0.0,1.0,22.1,100.0,31.0,19.0,18.0,7.0,7.0,2.0,2.0,1.0,0.0,21.0
632,631,Brian Ellington,MIA,1.0,1.0,7.25,42.0,0.0,0.0,0.0,0.0,6.0,1.0,44.2,219.0,48.0,39.0,36.0,7.0,35.0,0.0,6.0,4.0,0.0,48.0
633,632,Shawn Kelley,WSN,3.0,2.0,7.27,33.0,0.0,0.0,0.0,4.0,2.0,2.0,26.0,121.0,29.0,21.0,21.0,12.0,11.0,1.0,1.0,2.0,0.0,25.0
634,633,Miguel Diaz,SDP,1.0,1.0,7.34,31.0,3.0,0.0,0.0,0.0,0.0,0.0,41.2,192.0,44.0,35.0,34.0,11.0,25.0,0.0,3.0,5.0,1.0,33.0
635,634,Bronson Arroyo,CIN,3.0,6.0,7.35,14.0,14.0,0.0,0.0,0.0,0.0,0.0,71.0,322.0,94.0,59.0,58.0,23.0,19.0,2.0,2.0,1.0,0.0,45.0
636,635,J.P. Howell,TOR,1.0,1.0,7.36,16.0,0.0,0.0,0.0,0.0,0.0,1.0,11.0,52.0,13.0,9.0,9.0,2.0,7.0,0.0,0.0,1.0,0.0,6.0
637,636,Max Povse,SEA,0.0,0.0,7.36,3.0,0.0,0.0,0.0,0.0,0.0,0.0,3.2,21.0,9.0,5.0,3.0,1.0,1.0,0.0,0.0,0.0,0.0,2.0
638,637,Amir Garrett,CIN,3.0,8.0,7.39,16.0,14.0,0.0,0.0,0.0,1.0,0.0,70.2,321.0,74.0,60.0,58.0,23.0,40.0,2.0,2.0,1.0,0.0,63.0
639,638,Jayson Aquino,BAL,1.0,2.0,7.43,4.0,2.0,0.0,0.0,0.0,0.0,0.0,13.1,62.0,15.0,12.0,11.0,4.0,6.0,0.0,0.0,1.0,0.0,13.0
640,639,Jered Weaver,SDP,0.0,5.0,7.44,9.0,9.0,0.0,0.0,0.0,0.0,0.0,42.1,191.0,51.0,41.0,35.0,16.0,12.0,0.0,4.0,0.0,0.0,23.0
641,640,Zac Reininger,DET,0.0,0.0,7.45,10.0,0.0,0.0,0.0,0.0,0.0,0.0,9.2,47.0,16.0,8.0,8.0,3.0,3.0,0.0,0.0,2.0,0.0,5.0
642,641,Jeff Beliveau,TOR,1.0,1.0,7.47,19.0,0.0,0.0,0.0,0.0,2.0,0.0,15.2,70.0,17.0,14.0,13.0,4.0,6.0,1.0,1.0,0.0,0.0,17.0
643,642,Chris Young,KCR,0.0,0.0,7.5,14.0,2.0,0.0,0.0,0.0,0.0,0.0,30.0,148.0,47.0,27.0,25.0,7.0,14.0,2.0,1.0,1.0,0.0,22.0
644,643,Jen-Ho Tseng,CHC,1.0,0.0,7.5,2.0,1.0,0.0,0.0,0.0,0.0,0.0,6.0,26.0,5.0,5.0,5.0,2.0,2.0,0.0,1.0,0.0,0.0,8.0
645,644,Tommy Layne,NYY,0.0,0.0,7.62,19.0,0.0,0.0,0.0,0.0,2.0,0.0,13.0,63.0,16.0,12.0,11.0,1.0,8.0,0.0,1.0,0.0,0.0,9.0
646,645,Cesar Valdez,- - -,1.0,1.0,7.63,11.0,4.0,0.0,0.0,0.0,0.0,0.0,30.2,140.0,41.0,29.0,26.0,7.0,11.0,1.0,1.0,1.0,1.0,21.0
647,646,Tommy Milone,- - -,1.0,3.0,7.63,17.0,8.0,0.0,0.0,1.0,0.0,0.0,48.1,221.0,65.0,43.0,41.0,15.0,14.0,3.0,0.0,0.0,0.0,38.0
648,647,Tyler Glasnow,PIT,2.0,7.0,7.69,15.0,13.0,0.0,0.0,0.0,1.0,0.0,62.0,305.0,81.0,61.0,53.0,13.0,44.0,2.0,2.0,3.0,0.0,56.0
649,648,Caleb Smith,NYY,0.0,1.0,7.71,9.0,2.0,0.0,0.0,0.0,0.0,0.0,18.2,86.0,21.0,16.0,16.0,4.0,10.0,1.0,0.0,1.0,0.0,18.0
650,649,Tyson Ross,TEX,3.0,3.0,7.71,12.0,10.0,0.0,0.0,0.0,0.0,0.0,49.0,238.0,53.0,46.0,42.0,7.0,37.0,0.0,6.0,4.0,0.0,36.0
651,650,Dylan Covey,CHW,0.0,7.0,7.71,18.0,12.0,0.0,0.0,0.0,0.0,0.0,70.0,309.0,83.0,60.0,60.0,20.0,34.0,1.0,1.0,6.0,1.0,41.0
652,651,Walker Buehler,LAD,1.0,0.0,7.71,8.0,0.0,0.0,0.0,0.0,1.0,0.0,9.1,44.0,11.0,8.0,8.0,2.0,8.0,1.0,0.0,1.0,0.0,12.0
653,652,Jordan Lyles,- - -,1.0,5.0,7.75,38.0,5.0,0.0,0.0,0.0,2.0,0.0,69.2,324.0,96.0,61.0,60.0,16.0,22.0,1.0,4.0,4.0,0.0,55.0
654,653,Francisco Rodriguez,DET,2.0,5.0,7.82,28.0,0.0,0.0,0.0,7.0,0.0,6.0,25.1,118.0,31.0,23.0,22.0,9.0,11.0,1.0,1.0,2.0,0.0,23.0
655,654,Josh Lindblom,PIT,0.0,0.0,7.84,4.0,0.0,0.0,0.0,0.0,0.0,0.0,10.1,51.0,18.0,9.0,9.0,0.0,3.0,0.0,0.0,0.0,0.0,10.0
656,655,Chris Tillman,BAL,1.0,7.0,7.84,24.0,19.0,0.0,0.0,0.0,0.0,0.0,93.0,444.0,125.0,86.0,81.0,24.0,51.0,0.0,4.0,11.0,0.0,63.0
657,656,Wily Peralta,MIL,5.0,4.0,7.85,19.0,8.0,0.0,0.0,0.0,0.0,0.0,57.1,269.0,73.0,51.0,50.0,10.0,32.0,2.0,1.0,5.0,0.0,52.0
658,657,Eric O'Flaherty,ATL,0.0,0.0,7.85,22.0,0.0,0.0,0.0,0.0,3.0,0.0,18.1,83.0,20.0,16.0,16.0,4.0,9.0,0.0,0.0,1.0,0.0,15.0
659,658,Kevin Quackenbush,SDP,0.0,2.0,7.86,20.0,0.0,0.0,0.0,0.0,1.0,0.0,26.1,125.0,32.0,23.0,23.0,5.0,16.0,0.0,1.0,3.0,0.0,23.0
660,659,Chris Flexen,NYM,3.0,6.0,7.87,14.0,9.0,0.0,0.0,0.0,0.0,0.0,48.0,233.0,62.0,44.0,42.0,11.0,35.0,0.0,2.0,1.0,0.0,36.0
661,660,Reymin Guduan,HOU,0.0,0.0,7.88,22.0,0.0,0.0,0.0,0.0,1.0,0.0,16.0,83.0,24.0,14.0,14.0,1.0,12.0,0.0,0.0,3.0,0.0,16.0
662,661,Ricardo Pinto,PHI,1.0,2.0,7.89,25.0,0.0,0.0,0.0,0.0,2.0,2.0,29.2,147.0,39.0,28.0,26.0,7.0,17.0,1.0,1.0,1.0,1.0,25.0
663,662,Kyle Ryan,DET,0.0,0.0,7.94,8.0,0.0,0.0,0.0,0.0,4.0,1.0,5.2,29.0,9.0,5.0,5.0,0.0,7.0,1.0,0.0,0.0,0.0,1.0
664,663,Zach Neal,OAK,0.0,0.0,7.98,6.0,0.0,0.0,0.0,0.0,0.0,0.0,14.2,65.0,19.0,13.0,13.0,5.0,1.0,0.0,0.0,1.0,0.0,10.0
665,664,Stefan Crichton,BAL,0.0,0.0,8.03,8.0,0.0,0.0,0.0,0.0,1.0,0.0,12.1,62.0,26.0,11.0,11.0,2.0,4.0,0.0,0.0,2.0,1.0,8.0
666,665,Lisalverto Bonilla,CIN,1.0,3.0,8.1,10.0,4.0,1.0,0.0,0.0,0.0,0.0,36.2,172.0,42.0,33.0,33.0,8.0,22.0,0.0,2.0,3.0,0.0,28.0
667,666,Jeff Locke,MIA,0.0,5.0,8.16,7.0,7.0,0.0,0.0,0.0,0.0,0.0,32.0,152.0,42.0,30.0,29.0,4.0,15.0,3.0,0.0,3.0,0.0,26.0
668,667,Jake Buchanan,CIN,0.0,0.0,8.16,5.0,0.0,0.0,0.0,0.0,0.0,0.0,14.1,77.0,24.0,13.0,13.0,1.0,7.0,2.0,3.0,0.0,0.0,4.0
669,668,Steven Wright,BOS,1.0,3.0,8.25,5.0,5.0,0.0,0.0,0.0,0.0,0.0,24.0,114.0,40.0,24.0,22.0,9.0,5.0,1.0,2.0,1.0,0.0,13.0
670,669,Brad Goldberg,CHW,0.0,0.0,8.25,11.0,0.0,0.0,0.0,0.0,0.0,0.0,12.0,62.0,14.0,11.0,11.0,2.0,14.0,0.0,2.0,1.0,0.0,3.0
671,670,John Curtiss,MIN,0.0,0.0,8.31,9.0,0.0,0.0,0.0,0.0,0.0,0.0,8.2,38.0,9.0,8.0,8.0,2.0,2.0,0.0,1.0,2.0,0.0,10.0
672,671,Rob Zastryzny,CHC,0.0,0.0,8.31,4.0,0.0,0.0,0.0,0.0,0.0,0.0,13.0,62.0,19.0,13.0,12.0,2.0,7.0,0.0,1.0,0.0,0.0,11.0
673,672,Michael Blazek,MIL,0.0,1.0,8.31,5.0,1.0,0.0,0.0,0.0,0.0,0.0,8.2,37.0,12.0,9.0,8.0,6.0,1.0,0.0,0.0,0.0,0.0,7.0
674,673,Jesen Therrien,PHI,0.0,0.0,8.35,15.0,0.0,0.0,0.0,0.0,0.0,1.0,18.1,86.0,24.0,17.0,17.0,5.0,7.0,0.0,1.0,0.0,0.0,10.0
675,674,Matt Wisler,ATL,0.0,1.0,8.35,20.0,1.0,0.0,0.0,0.0,0.0,0.0,32.1,153.0,43.0,31.0,30.0,5.0,13.0,0.0,2.0,0.0,0.0,22.0
676,675,Roberto Gomez,SFG,0.0,0.0,8.44,4.0,0.0,0.0,0.0,0.0,0.0,0.0,5.1,26.0,9.0,5.0,5.0,0.0,1.0,0.0,0.0,0.0,0.0,6.0
677,676,Jose Valdez,- - -,0.0,0.0,8.5,14.0,0.0,0.0,0.0,0.0,0.0,0.0,18.0,80.0,21.0,18.0,17.0,8.0,5.0,0.0,2.0,1.0,0.0,17.0
678,677,Victor Alcantara,DET,0.0,0.0,8.59,6.0,0.0,0.0,0.0,0.0,0.0,0.0,7.1,39.0,12.0,7.0,7.0,1.0,4.0,0.0,2.0,1.0,0.0,5.0
679,678,Rookie Davis,CIN,1.0,3.0,8.63,7.0,6.0,0.0,0.0,0.0,0.0,0.0,24.0,123.0,38.0,25.0,23.0,7.0,14.0,0.0,1.0,3.0,0.0,20.0
680,679,Miguel Socolovich,STL,0.0,1.0,8.68,15.0,0.0,0.0,0.0,1.0,0.0,0.0,18.2,87.0,27.0,20.0,18.0,4.0,4.0,0.0,2.0,0.0,0.0,14.0
681,680,Angel Sanchez,PIT,1.0,0.0,8.76,8.0,0.0,0.0,0.0,0.0,0.0,0.0,12.1,54.0,16.0,12.0,12.0,5.0,1.0,0.0,0.0,2.0,0.0,10.0
682,681,Carlos Ruiz,SEA,0.0,0.0,9.0,1.0,0.0,0.0,0.0,0.0,0.0,0.0,1.0,7.0,2.0,1.0,1.0,1.0,2.0,0.0,0.0,0.0,0.0,1.0
683,682,Josh Collmenter,ATL,0.0,2.0,9.0,11.0,0.0,0.0,0.0,0.0,0.0,0.0,17.0,87.0,29.0,19.0,17.0,7.0,6.0,2.0,0.0,1.0,0.0,18.0
684,683,Adam Wilk,- - -,0.0,2.0,9.0,4.0,2.0,0.0,0.0,0.0,0.0,0.0,14.0,74.0,24.0,15.0,14.0,6.0,9.0,1.0,0.0,2.0,0.0,8.0
685,684,Rob Brantly,CHW,0.0,0.0,9.0,1.0,0.0,0.0,0.0,0.0,0.0,0.0,1.0,4.0,1.0,1.0,1.0,1.0,0.0,0.0,0.0,0.0,0.0,0.0
686,685,Mike Freeman,SEA,0.0,0.0,9.0,1.0,0.0,0.0,0.0,0.0,0.0,0.0,1.0,6.0,3.0,1.0,1.0,0.0,0.0,0.0,0.0,0.0,0.0,0.0
687,686,Seth Frankoff,CHC,0.0,1.0,9.0,1.0,0.0,0.0,0.0,0.0,0.0,0.0,2.0,9.0,4.0,2.0,2.0,1.0,0.0,0.0,0.0,0.0,0.0,2.0
688,687,Jairo Diaz,COL,0.0,0.0,9.0,4.0,0.0,0.0,0.0,0.0,0.0,0.0,5.0,30.0,12.0,6.0,5.0,0.0,5.0,0.0,1.0,0.0,0.0,2.0
689,688,Jason Wheeler,MIN,0.0,0.0,9.0,2.0,0.0,0.0,0.0,0.0,0.0,0.0,3.0,18.0,6.0,5.0,3.0,1.0,4.0,0.0,0.0,0.0,0.0,0.0
690,689,Kyle Lloyd,SDP,0.0,0.0,9.0,1.0,1.0,0.0,0.0,0.0,0.0,0.0,4.0,20.0,6.0,4.0,4.0,1.0,2.0,0.0,0.0,0.0,0.0,2.0
691,690,Dayan Diaz,HOU,1.0,1.0,9.0,10.0,1.0,0.0,0.0,0.0,0.0,0.0,13.0,58.0,17.0,14.0,13.0,3.0,4.0,0.0,0.0,4.0,0.0,20.0
692,691,Jacob Rhame,NYM,1.0,1.0,9.0,9.0,0.0,0.0,0.0,0.0,0.0,0.0,9.0,45.0,12.0,9.0,9.0,2.0,7.0,0.0,0.0,0.0,0.0,7.0
693,692,Evan Marshall,SEA,0.0,0.0,9.39,6.0,0.0,0.0,0.0,0.0,0.0,0.0,7.2,38.0,12.0,8.0,8.0,1.0,5.0,1.0,0.0,0.0,0.0,4.0
694,693,Erick Fedde,WSN,0.0,1.0,9.39,3.0,3.0,0.0,0.0,0.0,0.0,0.0,15.1,76.0,25.0,16.0,16.0,5.0,8.0,2.0,1.0,0.0,0.0,15.0
695,694,Eric Skoglund,KCR,1.0,2.0,9.5,7.0,5.0,0.0,0.0,0.0,0.0,0.0,18.0,93.0,30.0,20.0,19.0,2.0,12.0,0.0,0.0,0.0,0.0,14.0
696,695,Glen Perkins,MIN,0.0,0.0,9.53,8.0,0.0,0.0,0.0,0.0,0.0,0.0,5.2,34.0,8.0,6.0,6.0,0.0,5.0,0.0,3.0,0.0,0.0,2.0
697,696,Edward Mujica,DET,0.0,0.0,9.95,5.0,0.0,0.0,0.0,0.0,1.0,0.0,6.1,30.0,11.0,7.0,7.0,4.0,0.0,0.0,0.0,0.0,0.0,7.0
698,697,Jose De Leon,TBR,1.0,0.0,10.12,1.0,0.0,0.0,0.0,0.0,0.0,0.0,2.2,15.0,4.0,3.0,3.0,1.0,3.0,0.0,0.0,2.0,0.0,2.0
699,698,Dillon Maples,CHC,0.0,0.0,10.13,6.0,0.0,0.0,0.0,0.0,0.0,0.0,5.1,27.0,6.0,6.0,6.0,0.0,6.0,0.0,0.0,1.0,0.0,11.0
700,699,Drew Rucinski,MIN,0.0,0.0,10.38,2.0,0.0,0.0,0.0,0.0,0.0,0.0,4.1,23.0,10.0,5.0,5.0,2.0,2.0,0.0,0.0,0.0,0.0,5.0
701,700,Vidal Nuno,BAL,0.0,1.0,10.43,12.0,0.0,0.0,0.0,0.0,0.0,0.0,14.2,77.0,23.0,17.0,17.0,7.0,10.0,2.0,0.0,0.0,0.0,13.0
702,701,Brooks Pounders,LAA,1.0,0.0,10.45,11.0,0.0,0.0,0.0,0.0,0.0,0.0,10.1,54.0,17.0,12.0,12.0,4.0,5.0,1.0,1.0,0.0,1.0,12.0
703,702,Alejandro Chacin,CIN,0.0,0.0,10.5,6.0,0.0,0.0,0.0,0.0,0.0,0.0,6.0,32.0,11.0,7.0,7.0,2.0,4.0,0.0,0.0,0.0,0.0,6.0
704,703,Felix Jorge,MIN,1.0,0.0,10.57,2.0,2.0,0.0,0.0,0.0,0.0,0.0,7.2,36.0,14.0,9.0,9.0,4.0,2.0,0.0,0.0,0.0,0.0,4.0
705,704,Sam Moll,OAK,0.0,0.0,10.8,11.0,0.0,0.0,0.0,0.0,3.0,0.0,6.2,35.0,13.0,8.0,8.0,2.0,3.0,0.0,0.0,0.0,0.0,7.0
706,705,Kyle Crockett,CLE,0.0,0.0,10.8,4.0,0.0,0.0,0.0,0.0,0.0,0.0,1.2,11.0,4.0,2.0,2.0,0.0,1.0,0.0,1.0,0.0,0.0,2.0
707,706,Tanner Scott,BAL,0.0,0.0,10.8,2.0,0.0,0.0,0.0,0.0,0.0,0.0,1.2,9.0,2.0,2.0,2.0,0.0,2.0,0.0,0.0,0.0,0.0,2.0
708,707,Jace Fry,CHW,0.0,0.0,10.8,11.0,0.0,0.0,0.0,0.0,0.0,0.0,6.2,36.0,12.0,8.0,8.0,1.0,5.0,1.0,0.0,3.0,0.0,3.0
709,708,Bruce Rondon,DET,1.0,3.0,10.91,21.0,0.0,0.0,0.0,1.0,7.0,1.0,15.2,76.0,21.0,19.0,19.0,1.0,10.0,2.0,1.0,1.0,1.0,22.0
710,709,Evan Scribner,SEA,0.0,2.0,11.05,8.0,0.0,0.0,0.0,0.0,0.0,0.0,7.1,34.0,13.0,9.0,9.0,3.0,0.0,0.0,0.0,0.0,0.0,6.0
711,710,Tim Melville,- - -,0.0,1.0,11.12,3.0,1.0,0.0,0.0,0.0,0.0,0.0,5.2,30.0,7.0,8.0,7.0,1.0,6.0,0.0,1.0,0.0,0.0,7.0
712,711,Nik Turley,MIN,0.0,2.0,11.21,10.0,3.0,0.0,0.0,0.0,0.0,0.0,17.2,89.0,30.0,22.0,22.0,5.0,8.0,1.0,2.0,2.0,0.0,13.0
713,712,Mike Hauschild,TEX,0.0,0.0,11.25,4.0,0.0,0.0,0.0,0.0,0.0,0.0,8.0,39.0,14.0,10.0,10.0,5.0,2.0,0.0,1.0,1.0,0.0,7.0
714,713,Mike Mayers,STL,0.0,0.0,11.57,3.0,0.0,0.0,0.0,0.0,0.0,0.0,4.2,25.0,8.0,8.0,6.0,2.0,4.0,1.0,0.0,0.0,0.0,3.0
715,714,Kevin Plawecki,NYM,0.0,0.0,12.0,2.0,0.0,0.0,0.0,0.0,0.0,0.0,3.0,14.0,5.0,4.0,4.0,3.0,0.0,0.0,0.0,0.0,0.0,0.0
716,715,Xavier Cedeno,TBR,1.0,1.0,12.0,9.0,0.0,0.0,0.0,0.0,0.0,3.0,3.0,21.0,7.0,5.0,4.0,3.0,4.0,1.0,0.0,0.0,0.0,0.0
717,716,Myles Jaye,DET,1.0,2.0,12.08,5.0,2.0,0.0,0.0,0.0,0.0,0.0,12.2,71.0,18.0,18.0,17.0,2.0,10.0,0.0,3.0,2.0,0.0,4.0
718,717,Arcenio Leon,DET,0.0,0.0,12.15,6.0,0.0,0.0,0.0,0.0,0.0,0.0,6.2,31.0,7.0,9.0,9.0,0.0,6.0,1.0,0.0,0.0,0.0,2.0
719,718,Clay Buchholz,PHI,0.0,1.0,12.27,2.0,2.0,0.0,0.0,0.0,0.0,0.0,7.1,40.0,16.0,10.0,10.0,1.0,3.0,0.0,0.0,0.0,0.0,5.0
720,719,Joe Jimenez,DET,0.0,2.0,12.32,24.0,0.0,0.0,0.0,0.0,0.0,1.0,19.0,99.0,31.0,28.0,26.0,4.0,9.0,0.0,2.0,0.0,0.0,17.0
721,720,Jordan Jankowski,HOU,1.0,0.0,12.46,3.0,0.0,0.0,0.0,0.0,0.0,0.0,4.1,22.0,7.0,6.0,6.0,3.0,2.0,0.0,0.0,0.0,0.0,5.0
722,721,Casey Fien,- - -,0.0,1.0,12.75,10.0,0.0,0.0,0.0,0.0,0.0,0.0,12.0,62.0,23.0,17.0,17.0,5.0,6.0,2.0,0.0,0.0,0.0,10.0
723,722,Kyle Kendrick,BOS,0.0,2.0,12.96,2.0,2.0,0.0,0.0,0.0,0.0,0.0,8.1,45.0,18.0,12.0,12.0,1.0,3.0,0.0,0.0,0.0,0.0,3.0
724,723,Sean Gilmartin,NYM,0.0,0.0,13.5,2.0,0.0,0.0,0.0,0.0,0.0,0.0,3.1,19.0,8.0,5.0,5.0,2.0,1.0,0.0,0.0,1.0,0.0,4.0
725,724,Onelki Garcia,KCR,0.0,1.0,13.5,2.0,1.0,0.0,0.0,0.0,0.0,0.0,6.0,32.0,12.0,9.0,9.0,2.0,5.0,0.0,0.0,0.0,0.0,2.0
726,725,Preston Claiborne,TEX,0.0,0.0,13.5,1.0,0.0,0.0,0.0,0.0,0.0,0.0,2.0,10.0,5.0,3.0,3.0,0.0,0.0,0.0,0.0,0.0,0.0,2.0
727,726,Cody Martin,SEA,0.0,0.0,13.5,1.0,0.0,0.0,0.0,0.0,0.0,0.0,2.0,13.0,5.0,4.0,3.0,0.0,2.0,0.0,0.0,0.0,0.0,0.0
728,727,Cory Mazzoni,SDP,0.0,0.0,13.5,6.0,0.0,0.0,0.0,0.0,0.0,0.0,8.0,46.0,17.0,16.0,12.0,5.0,4.0,0.0,1.0,0.0,0.0,4.0
729,728,Miguel Almonte,KCR,0.0,0.0,13.5,2.0,0.0,0.0,0.0,0.0,0.0,0.0,2.0,12.0,5.0,3.0,3.0,0.0,2.0,0.0,0.0,0.0,0.0,0.0
730,729,Taylor Jungmann,MIL,0.0,0.0,13.5,1.0,0.0,0.0,0.0,0.0,0.0,0.0,0.2,6.0,2.0,1.0,1.0,0.0,1.0,0.0,1.0,0.0,0.0,1.0
731,730,Wei-Chung Wang,MIL,0.0,0.0,13.5,8.0,0.0,0.0,0.0,0.0,0.0,0.0,1.1,9.0,5.0,2.0,2.0,1.0,0.0,0.0,0.0,0.0,0.0,2.0
732,731,Fabio Castillo,LAD,0.0,0.0,13.5,2.0,0.0,0.0,0.0,0.0,0.0,0.0,1.1,8.0,3.0,2.0,2.0,0.0,1.0,0.0,0.0,1.0,0.0,2.0
733,732,Anthony Bass,TEX,0.0,0.0,14.29,2.0,0.0,0.0,0.0,0.0,0.0,0.0,5.2,31.0,14.0,9.0,9.0,1.0,0.0,0.0,0.0,1.0,0.0,1.0
734,733,Richard Rodriguez,BAL,0.0,0.0,14.29,5.0,0.0,0.0,0.0,0.0,0.0,0.0,5.2,31.0,12.0,9.0,9.0,4.0,3.0,1.0,1.0,0.0,0.0,3.0
735,734,Christian Bethancourt,SDP,0.0,0.0,14.73,4.0,0.0,0.0,0.0,0.0,0.0,0.0,3.2,25.0,6.0,9.0,6.0,1.0,8.0,0.0,0.0,2.0,0.0,2.0
736,735,Aaron Blair,ATL,0.0,1.0,15.0,1.0,1.0,0.0,0.0,0.0,0.0,0.0,3.0,19.0,5.0,5.0,5.0,1.0,5.0,0.0,0.0,1.0,0.0,3.0
737,736,Antonio Bastardo,PIT,0.0,1.0,15.0,9.0,0.0,0.0,0.0,0.0,0.0,0.0,9.0,52.0,16.0,15.0,15.0,5.0,9.0,0.0,0.0,2.0,0.0,8.0
738,737,Hunter Cervenka,MIA,0.0,0.0,15.43,5.0,0.0,0.0,0.0,0.0,0.0,0.0,4.2,24.0,1.0,8.0,8.0,0.0,8.0,0.0,2.0,1.0,0.0,6.0
739,738,Chris Heston,- - -,0.0,1.0,16.5,3.0,1.0,0.0,0.0,0.0,0.0,0.0,6.0,38.0,15.0,12.0,11.0,3.0,5.0,0.0,0.0,0.0,0.0,3.0
740,739,Wilmer Font,LAD,0.0,0.0,17.18,3.0,0.0,0.0,0.0,0.0,0.0,0.0,3.2,22.0,7.0,7.0,7.0,2.0,4.0,0.0,0.0,0.0,0.0,3.0
741,740,Scooter Gennett,CIN,0.0,0.0,18.0,1.0,0.0,0.0,0.0,0.0,0.0,0.0,1.0,7.0,2.0,2.0,2.0,1.0,1.0,0.0,1.0,0.0,0.0,0.0
742,741,Tyler White,HOU,0.0,0.0,18.0,1.0,0.0,0.0,0.0,0.0,0.0,0.0,1.0,5.0,2.0,2.0,2.0,1.0,0.0,0.0,0.0,0.0,0.0,0.0
743,742,Andres Machado,KCR,0.0,0.0,22.09,2.0,0.0,0.0,0.0,0.0,0.0,0.0,3.2,24.0,10.0,9.0,9.0,2.0,3.0,0.0,0.0,0.0,0.0,1.0
744,743,Drew Anderson,PHI,0.0,0.0,23.14,2.0,0.0,0.0,0.0,0.0,0.0,0.0,2.1,14.0,6.0,7.0,6.0,0.0,1.0,0.0,0.0,0.0,0.0,2.0
745,744,Jesus Sucre,TBR,0.0,0.0,27.0,1.0,0.0,0.0,0.0,0.0,0.0,0.0,1.0,7.0,2.0,3.0,3.0,0.0,2.0,0.0,0.0,0.0,1.0,0.0
746,745,Nori Aoki,HOU,0.0,0.0,27.0,1.0,0.0,0.0,0.0,0.0,0.0,0.0,1.0,6.0,1.0,3.0,3.0,0.0,2.0,0.0,0.0,0.0,0.0,0.0
747,746,Matt Koch,ARI,0.0,0.0,27.0,1.0,0.0,0.0,0.0,0.0,0.0,0.0,0.0,3.0,2.0,3.0,3.0,0.0,1.0,0.0,0.0,0.0,0.0,0.0
748,747,Andres Blanco,PHI,0.0,0.0,27.0,1.0,0.0,0.0,0.0,0.0,0.0,0.0,0.1,2.0,1.0,1.0,1.0,1.0,0.0,0.0,0.0,0.0,0.0,0.0
749,748,Leonys Martin,CHC,0.0,0.0,27.0,1.0,0.0,0.0,0.0,0.0,0.0,0.0,0.2,5.0,3.0,2.0,2.0,1.0,0.0,0.0,0.0,0.0,0.0,0.0
750,749,Trevor Gott,WSN,1.0,0.0,30.0,4.0,0.0,0.0,0.0,0.0,0.0,0.0,3.0,23.0,11.0,10.0,10.0,1.0,3.0,1.0,0.0,1.0,0.0,3.0
751,750,Randy Rosario,MIN,0.0,0.0,30.86,2.0,0.0,0.0,0.0,0.0,0.0,0.0,2.1,15.0,7.0,8.0,8.0,1.0,0.0,0.0,1.0,0.0,0.0,2.0
752,751,Brett Nicholas,TEX,0.0,0.0,36.0,1.0,0.0,0.0,0.0,0.0,0.0,0.0,1.0,8.0,5.0,4.0,4.0,0.0,0.0,0.0,0.0,0.0,0.0,0.0
753,752,Taylor Cole,TOR,0.0,0.0,36.0,1.0,0.0,0.0,0.0,0.0,0.0,0.0,1.0,10.0,6.0,4.0,4.0,0.0,1.0,0.0,1.0,0.0,0.0,1.0
754,753,Glenn Sparkman,TOR,0.0,0.0,63.0,2.0,0.0,0.0,0.0,0.0,0.0,0.0,1.0,12.0,9.0,7.0,7.0,0.0,1.0,0.0,0.0,0.0,0.0,1.0
755,754,William Cuevas,DET,0.0,0.0,108.0,1.0,0.0,0.0,0.0,0.0,0.0,0.0,0.1,5.0,3.0,4.0,4.0,0.0,0.0,0.0,1.0,0.0,0.0,1.0
756,755,Jeremy Guthrie,WSN,0.0,1.0,135.0,1.0,1.0,0.0,0.0,0.0,0.0,0.0,0.2,12.0,6.0,10.0,10.0,0.0,4.0,0.0,0.0,0.0,0.0,0.0
